Wm,W0m,dm,tm,rows,Xa,Ya,gain,vswr,bandwidth,s,pr,p0
2142.9,162.86,77.143,214.29,3.0,0.0,2142.9,2.7991745999999997,1.3720397,110.66980000000015,-16.090654,0.20424823,0.48395169
2142.9,162.86,77.143,214.29,3.0,3543.5,6964.3,2.8173046000000004,1.6381033999999999,120.74970000000019,-12.328014999999999,0.19737376,0.46428907
2142.9,162.86,351.43,214.29,5.0,8365.0,6964.3,2.9414135,1.2427138,123.69010000000058,-19.313585999999997,0.21288510000000002,0.49080796
2142.9,162.86,351.43,214.29,3.0,8365.0,2142.9,2.8440777,1.2425867,122.43009999999987,-19.317644,0.21240459,0.4966034000000001
2142.9,162.86,351.43,214.29,3.0,8365.0,6964.3,2.8123150000000003,1.271176,124.31979999999987,-18.459992,0.20799735,0.48924009
2142.9,162.86,351.43,214.29,3.0,8365.0,11786.0,2.9063831,1.4577924,123.47980000000058,-14.597532999999999,0.21062265,0.48708026
2142.9,162.86,351.43,214.29,3.0,8365.0,16607.0,2.9450626,1.7333131000000002,114.8701000000001,-11.427999,0.21443922,0.49207973
2142.9,162.86,351.43,214.29,3.0,10776.0,2142.9,2.8390902999999996,1.2430451,122.43009999999987,-19.303024,0.21193698,0.49659155
2142.9,162.86,351.43,214.29,3.0,10776.0,6964.3,2.8083362999999997,1.2714631,124.10999999999994,-18.451897,0.20763176,0.48922171
2142.9,162.86,351.43,214.29,3.0,10776.0,11786.0,2.9034401,1.458533,123.26980000000054,-14.586108,0.21033682,0.48704365
2142.9,162.86,351.43,214.29,3.0,10776.0,16607.0,2.9773779,1.3717776000000002,122.42989999999976,-16.095814999999998,0.21478295,0.49273326
2142.9,162.86,351.43,214.29,5.0,0.0,2142.9,1.2266593000000001,7.6572815,,-2.2816921000000003,0.05929759,0.20007227
2142.9,162.86,77.143,214.29,3.0,3543.5,11786.0,2.9593142999999995,1.4406098,123.48009999999965,-14.868885,0.21319881,0.48798282
2142.9,162.86,351.43,214.29,5.0,0.0,6964.3,1.5057931,7.278063499999999,,-2.4020611,0.06475890000000001,0.20743589999999998
2142.9,162.86,351.43,214.29,5.0,1132.8,2142.9,2.8172957999999997,1.1893938,121.5900999999997,-21.259162,0.20990783,0.4935795
2142.9,162.86,351.43,214.29,5.0,1132.8,6964.3,2.9364566,1.3272752,123.48000000000026,-17.038693,0.21034375,0.48593032
2142.9,162.86,351.43,214.29,5.0,3543.5,2142.9,2.8312622000000003,1.0685864,122.21999999999954,-29.588708,0.21264383,0.49825454
2142.9,162.86,351.43,214.29,5.0,3543.5,6964.3,2.946069,1.2536767,123.69019999999998,-18.972222,0.21277721,0.490212
2142.9,162.86,351.43,214.29,5.0,5954.3,2142.9,2.8253577,1.0610411,122.01019999999963,-30.569281,0.21251878,0.49847136
2142.9,162.86,351.43,214.29,5.0,5954.3,6964.3,2.9440047000000003,1.2502148000000002,123.68990000000046,-19.078219,0.21282634,0.49040081
2142.9,162.86,351.43,214.29,5.0,8365.0,2142.9,2.8199607999999996,1.0533496,122.00999999999995,-31.706636,0.21236694,0.49867199
2142.9,162.86,351.43,214.29,5.0,8365.0,6964.3,2.9414131,1.2427138999999998,123.69010000000058,-19.313585,0.21288510000000002,0.49080796
2142.9,162.86,351.43,214.29,5.0,10776.0,2142.9,2.8132994,1.0523037,121.80009999999974,-31.874189,0.21191769,0.49869388
2142.9,162.86,77.143,214.29,3.0,3543.5,16607.0,2.4477972,1.9351677,104.36990000000002,-9.9348688,0.19140944,0.49039428
2142.9,162.86,351.43,214.29,5.0,10776.0,6964.3,2.9365429,1.2421969,123.48010000000009,-19.330102,0.21268372,0.49083407
2142.9,162.86,351.43,214.29,7.0,0.0,2142.9,1.4328942,6.9854833,,-2.5040398999999995,0.066392436,0.21438948
2142.9,162.86,351.43,214.29,7.0,1132.8,2142.9,2.8899379,1.0452724,122.21999999999954,-33.098351,0.21553719,0.49977872
2142.9,162.86,351.43,214.29,7.0,3543.5,2142.9,2.8950211,1.1569608,122.8498999999994,-22.761021,0.21554079999999998,0.49889052
2142.9,162.86,351.43,214.29,7.0,5954.3,2142.9,2.8881553,1.1657871000000002,122.84989999999985,-22.321301000000002,0.21523072,0.49871362
2142.9,162.86,351.43,214.29,7.0,8365.0,2142.9,2.8818121,1.1739754999999998,122.84999999999968,-21.935333,0.21490161,0.49854308
2142.9,162.86,351.43,214.29,7.0,10776.0,2142.9,2.8736089,1.175374,122.64019999999931,-21.871376,0.21448954,0.49851566
2142.9,162.86,488.57,214.29,3.0,0.0,2142.9,2.7528041,1.3682635,111.72009999999987,-16.165426999999998,0.20245194,0.48407107
2142.9,162.86,488.57,214.29,3.0,0.0,6964.3,1.436656,7.303622,,-2.3935482000000006,0.064110575,0.20690755
2142.9,162.86,488.57,214.29,3.0,0.0,11786.0,2.90577,1.7084244999999998,116.33989999999983,-11.648463000000001,0.20370558,0.47170189
2142.9,162.86,77.143,214.29,3.0,5954.3,2142.9,2.9069562,1.2291569,122.6398000000004,-19.760154999999997,0.21527273,0.49701075
2142.9,162.86,488.57,214.29,3.0,0.0,16607.0,2.5210895,2.5626778999999997,75.38989999999978,-7.158141900000001,0.18948422,0.48011319
2142.9,162.86,488.57,214.29,3.0,1132.8,2142.9,2.8607527000000004,1.170279,122.43010000000032,-22.107088,0.21396336,0.49857155
2142.9,162.86,488.57,214.29,3.0,1132.8,6964.3,2.8246121,1.3132666000000002,124.32009999999983,-17.366231,0.20732644,0.48678325
2142.9,162.86,488.57,214.29,3.0,1132.8,11786.0,2.9178851000000003,1.4377065,123.48009999999965,-14.915968,0.21152256,0.48815348
2142.9,162.86,488.57,214.29,3.0,1132.8,16607.0,2.7108803,2.0945558999999996,96.5997999999999,-9.0272074,0.20323436,0.49291421
2142.9,162.86,488.57,214.29,3.0,3543.5,2142.9,2.8639842,1.2234277,122.4299000000002,-19.957719,0.21351973,0.49719443
2142.9,162.86,488.57,214.29,3.0,3543.5,6964.3,2.8345403,1.2402018,124.53029999999998,-19.394218,0.20964021,0.49093950000000003
2142.9,162.86,488.57,214.29,3.0,3543.5,11786.0,2.9200672,1.4435372,123.48010000000009,-14.821778,0.21150619,0.48783823
2142.9,162.86,488.57,214.29,3.0,3543.5,16607.0,2.85046,1.9137868999999998,105.41989999999979,-10.072258,0.20982791,0.49269766
2142.9,162.86,488.57,214.29,3.0,5954.3,2142.9,2.8598798999999997,1.2316359,122.43029999999999,-19.676348,0.21324113,0.49694596
2142.9,162.86,77.143,214.29,3.0,5954.3,6964.3,2.8156757000000003,1.6342981,120.95999999999974,-12.36743,0.19746308,0.46457523
2142.9,162.86,488.57,214.29,3.0,5954.3,6964.3,2.8323582999999997,1.2367473999999998,124.52980000000036,-19.506634,0.20966149999999997,0.49112293
2142.9,162.86,488.57,214.29,3.0,5954.3,11786.0,2.9182318,1.4470708,123.48010000000099,-14.765405,0.21137074,0.48764982
2142.9,162.86,488.57,214.29,3.0,5954.3,16607.0,2.9061252,1.7887143,111.9298999999998,-10.969686,0.21264346,0.49247752
2142.9,162.86,488.57,214.29,3.0,8365.0,2142.9,2.8560798,1.239834,122.43010000000076,-19.4061,0.21292913,0.49669338
2142.9,162.86,488.57,214.29,3.0,8365.0,6964.3,2.8311565,1.2293302,124.53010000000076,-19.754262,0.20975320000000003,0.49151461
2142.9,162.86,488.57,214.29,3.0,8365.0,11786.0,2.9164103,1.4551579,123.48010000000053,-14.638347,0.21107066,0.48722040000000005
2142.9,162.86,488.57,214.29,3.0,8365.0,16607.0,2.9493362000000003,1.7447137,114.24000000000012,-11.330153999999999,0.21467303,0.49217831
2142.9,325.71,77.143,214.29,3.0,1132.8,11786.0,2.9770293,1.4376431,123.6904000000001,-14.917001,0.21399317,0.48813958
2142.9,325.71,77.143,214.29,3.0,1132.8,16607.0,2.2336051,2.1029171000000004,88.20010000000033,-8.9845461,0.17988861,0.48582793
2142.9,325.71,77.143,214.29,3.0,3543.5,2142.9,2.9355337,1.2228249,122.64009999999992,-19.978829,0.21659657,0.49719471
2142.9,162.86,77.143,214.29,3.0,5954.3,11786.0,2.9578115,1.4436569,123.48010000000009,-14.819859,0.2130864,0.48782129
2142.9,325.71,77.143,214.29,3.0,3543.5,6964.3,2.8434048,1.6381369,120.74970000000019,-12.327669,0.19831001,0.46428945
2142.9,325.71,77.143,214.29,3.0,3543.5,11786.0,2.9786302000000004,1.4395398000000001,123.48009999999965,-14.886194,0.21403986,0.48803446
2142.9,325.71,77.143,214.29,3.0,3543.5,16607.0,2.4835141,1.9312411,104.36990000000002,-9.959788,0.19267408,0.49038091
2142.9,325.71,77.143,214.29,3.0,5954.3,2142.9,2.9313592,1.2299069,122.42980000000037,-19.734696,0.21632477,0.49698184
2142.9,325.71,77.143,214.29,3.0,5954.3,6964.3,2.8423458999999998,1.6347466,120.95999999999974,-12.362769,0.19840749,0.46454453
2142.9,325.71,77.143,214.29,3.0,5954.3,11786.0,2.9771967,1.4422771,123.48010000000009,-14.84201,0.21393739999999997,0.48788951
2142.9,325.71,77.143,214.29,3.0,5954.3,16607.0,2.483113,1.8239012,108.98989999999964,-10.699488,0.19386563,0.4902835
2142.9,325.71,77.143,214.29,3.0,8365.0,2142.9,2.9211264,1.238097,122.43009999999987,-19.462501,0.21571345,0.49673427
2142.9,325.71,77.143,214.29,3.0,8365.0,6964.3,2.8339478,1.6246454,121.58989999999959,-12.468741,0.19838349,0.46529807
2142.9,325.71,77.143,214.29,3.0,8365.0,11786.0,2.9704083,1.4505651000000002,123.69019999999998,-14.710173999999999,0.21340491,0.48745504
2142.9,162.86,77.143,214.29,3.0,5954.3,16607.0,2.4472806,1.8277676999999999,109.20020000000008,-10.670705,0.19262904,0.49029038
2142.9,325.71,77.143,214.29,3.0,8365.0,16607.0,2.7414558999999996,1.8143803,110.66989999999998,-10.77111,0.20718737,0.49176353
2142.9,325.71,77.143,214.29,5.0,0.0,2142.9,1.2229716,7.960146400000001,,-2.1939347000000002,0.057337430999999994,0.19427466
2142.9,325.71,77.143,214.29,5.0,0.0,6964.3,1.2656610000000001,8.1966315,,-2.1299904,0.056021747000000004,0.18947809
2142.9,325.71,77.143,214.29,5.0,1132.8,2142.9,2.8765398999999996,1.1871998,121.37989999999999,-21.351662,0.21242377,0.49369369
2142.9,325.71,77.143,214.29,5.0,1132.8,6964.3,2.8825127999999998,1.6784415000000001,118.2300999999999,-11.927396,0.19725499,0.46122232
2142.9,325.71,77.143,214.29,5.0,3543.5,2142.9,2.8902447,1.0713911,122.21990000000017,-29.252366,0.21509970000000003,0.49818744
2142.9,325.71,77.143,214.29,5.0,3543.5,6964.3,2.8962311,1.5974653,121.59019999999998,-12.764741,0.20058196,0.46731529
2142.9,325.71,77.143,214.29,5.0,5954.3,2142.9,2.8853077999999996,1.0648289,122.21979999999988,-30.062305,0.21500183,0.49838047
2142.9,325.71,77.143,214.29,5.0,5954.3,6964.3,2.8945051,1.5941877,121.37989999999999,-12.801555,0.20066288,0.46755899
2142.9,325.71,77.143,214.29,5.0,8365.0,2142.9,2.8774905,1.0572001,122.00999999999995,-31.1176,0.21472682,0.49858348
2142.9,162.86,77.143,214.29,3.0,8365.0,2142.9,2.9006863,1.237277,122.43009999999987,-19.489283,0.21484435,0.49676555
2142.9,325.71,77.143,214.29,5.0,8365.0,6964.3,2.892252,1.5846573999999998,121.5900999999997,-12.910031,0.20085953,0.46826184
2142.9,325.71,77.143,214.29,7.0,0.0,2142.9,1.4088646,7.3212592,,-2.3877088,0.063570845,0.20704774
2142.9,325.71,77.143,214.29,7.0,1132.8,2142.9,2.9409527,1.0476159999999999,122.01020000000007,-32.669917,0.21767571,0.49974853
2142.9,325.71,77.143,214.29,7.0,3543.5,2142.9,2.9465397999999996,1.1541148,122.84990000000029,-22.908489000000003,0.2177303,0.49893422
2142.9,325.71,77.143,214.29,7.0,5954.3,2142.9,2.9410426,1.1618304,122.85000000000012,-22.515229,0.21748398,0.49878481
2142.9,325.71,77.143,214.29,7.0,8365.0,2142.9,2.9323994,1.1697252,122.85000000000012,-22.13317,0.21703848,0.4986276
2142.9,325.71,214.29,214.29,3.0,0.0,2142.9,2.7539622,1.3332903,111.9298999999998,-16.902921,0.2034886,0.48631561
2142.9,325.71,214.29,214.29,3.0,0.0,6964.3,1.2399818,8.016448700000002,,-2.1783634999999997,0.057209329,0.19274518
2142.9,325.71,214.29,214.29,3.0,0.0,11786.0,2.8982842,1.7273811999999997,115.2896999999995,-11.479675,0.20288626,0.47043837
2142.9,325.71,214.29,214.29,3.0,0.0,16607.0,2.7371777,2.6431765,73.49990000000028,-6.9159201,0.1980964,0.4780754
2142.9,162.86,77.143,214.29,3.0,8365.0,6964.3,2.8111205000000004,1.6243623,121.58989999999959,-12.471743,0.19757504,0.46531682
2142.9,325.71,214.29,214.29,3.0,1132.8,2142.9,2.8523916000000002,1.1821308000000001,122.42989999999976,-21.569945,0.2135089,0.49829549
2142.9,325.71,214.29,214.29,3.0,1132.8,6964.3,2.74011,1.7417349999999998,114.65979999999965,-11.355534,0.19095773,0.45639234
2142.9,325.71,214.29,214.29,3.0,1132.8,11786.0,2.9097386000000003,1.4443278999999998,123.48010000000099,-14.809118,0.2110591,0.48780385
2142.9,325.71,214.29,214.29,3.0,1132.8,16607.0,2.8439912,2.1137087,95.96990000000005,-8.9301272,0.20917006,0.49250516
2142.9,325.71,214.29,214.29,3.0,3543.5,2142.9,2.8535772,1.2277426000000002,122.6398000000004,-19.808415,0.21303658,0.49706061
2142.9,325.71,214.29,214.29,3.0,3543.5,6964.3,2.7531812999999996,1.6594615000000001,119.49009999999971,-12.112086,0.19423027,0.46267052
2142.9,325.71,214.29,214.29,3.0,3543.5,11786.0,2.9110784,1.4462129,123.48010000000099,-14.779043,0.21109607,0.48769751
2142.9,325.71,214.29,214.29,3.0,3543.5,16607.0,2.9176201,1.9007953999999998,106.04999999999976,-10.157819,0.21275068,0.49251099
2142.9,325.71,214.29,214.29,3.0,5954.3,2142.9,2.8492117,1.2355055,122.42980000000037,-19.547493,0.21275116,0.49682171
2142.9,325.71,214.29,214.29,3.0,5954.3,6964.3,2.7511372000000005,1.6556383000000001,119.69989999999964,-12.150091999999999,0.194306,0.46295958
2142.9,162.86,77.143,214.29,3.0,8365.0,11786.0,2.9537055,1.4518337,123.48010000000053,-14.690248,0.21267655,0.48739141
2142.9,325.71,214.29,214.29,3.0,5954.3,11786.0,2.9091359,1.4494394,123.47989999999997,-14.727912,0.21096267,0.48752501
2142.9,325.71,214.29,214.29,3.0,5954.3,16607.0,2.9457693,1.7653525,113.1899999999999,-11.15778,0.21419907,0.49246081
2142.9,325.71,214.29,214.29,3.0,8365.0,2142.9,2.844732,1.2437214,122.43009999999987,-19.281505,0.21240822,0.49656465
2142.9,325.71,214.29,214.29,3.0,8365.0,6964.3,2.7495488,1.6458026000000001,120.3297999999995,-12.249153,0.19453095,0.46370072
2142.9,325.71,214.29,214.29,3.0,8365.0,11786.0,2.9068591,1.457553,123.26980000000054,-14.60123,0.21064238,0.48709293
2142.9,325.71,214.29,214.29,3.0,8365.0,16607.0,2.9614327,1.7145082999999999,115.91979999999947,-11.593678,0.21490629,0.49225889
2142.9,325.71,214.29,214.29,5.0,0.0,2142.9,1.2578973999999998,7.5557177,,-2.3127237999999997,0.060316984000000004,0.20212189
2142.9,325.71,214.29,214.29,5.0,0.0,6964.3,1.3356511,7.8865875,,-2.2146187000000004,0.058694393,0.19516861
2142.9,325.71,214.29,214.29,5.0,1132.8,2142.9,2.8180232999999997,1.1808572,121.38000000000027,-21.625826999999997,0.21011481,0.49398059
2142.9,325.71,214.29,214.29,5.0,1132.8,6964.3,2.8634352,1.7035293999999999,116.75979999999964,-11.692977,0.19570276,0.45930708
2142.9,162.86,77.143,214.29,3.0,0.0,6964.3,1.2164411,8.3779985,,-2.083432,0.054814982000000005,0.18629738
2142.9,162.86,77.143,214.29,3.0,8365.0,16607.0,2.7115956000000003,1.8186504000000001,110.45979999999966,-10.738855000000001,0.20608864,0.49168304
2142.9,325.71,214.29,214.29,5.0,3543.5,2142.9,2.8296189,1.0670267,122.00999999999995,-29.781959999999998,0.21259431,0.49830305
2142.9,325.71,214.29,214.29,5.0,3543.5,6964.3,2.875991,1.6224333,121.38009999999966,-12.492232000000001,0.19899291,0.46544918
2142.9,325.71,214.29,214.29,5.0,5954.3,2142.9,2.8236226,1.0600375,122.01019999999963,-30.70905,0.21245642,0.49850272
2142.9,325.71,214.29,214.29,5.0,5954.3,6964.3,2.8737679,1.6187223,121.3801000000001,-12.531874,0.19907481,0.46572724
2142.9,325.71,214.29,214.29,5.0,8365.0,2142.9,2.8184957,1.0524673,121.80009999999974,-31.847747,0.21231294,0.49869864
2142.9,325.71,214.29,214.29,5.0,8365.0,6964.3,2.8726369,1.6091402,121.38009999999922,-12.635603,0.19933209,0.46644205
2142.9,325.71,214.29,214.29,7.0,0.0,2142.9,1.4634017,6.887117599999999,,-2.5403119,0.06754906599999999,0.21666561
2142.9,325.71,214.29,214.29,7.0,1132.8,2142.9,2.8902156000000003,1.0510795,122.22010000000027,-32.074713,0.2155627,0.49980791
2142.9,325.71,214.29,214.29,7.0,3543.5,2142.9,2.8932450000000003,1.1584451999999998,123.05969999999932,-22.68524,0.21544973,0.49886051
2142.9,325.71,214.29,214.29,7.0,5954.3,2142.9,2.8868264,1.1666376,122.84999999999968,-22.280266,0.21516481,0.49869504
2142.9,162.86,77.143,214.29,3.0,10776.0,2142.9,2.8830499,1.2384563999999998,122.43009999999987,-19.450794000000002,0.2139849,0.49673138
2142.9,325.71,214.29,214.29,7.0,8365.0,2142.9,2.8799123,1.1747347,122.84999999999968,-21.900541,0.21480593,0.49852519
2142.9,325.71,351.43,214.29,3.0,0.0,2142.9,2.7478071,1.3434025,111.93019999999976,-16.680870000000002,0.20295582,0.48565994
2142.9,325.71,351.43,214.29,3.0,0.0,6964.3,1.4021293,7.3750671,,-2.3700709,0.063200757,0.20539065
2142.9,325.71,351.43,214.29,3.0,0.0,11786.0,2.8955172,1.7238206000000003,115.49999999999994,-11.510952,0.20288021,0.47068289
2142.9,325.71,351.43,214.29,3.0,0.0,16607.0,2.5131782000000005,2.5689078,75.18009999999987,-7.1387583,0.18882015,0.47923015
2142.9,325.71,351.43,214.29,3.0,1132.8,2142.9,2.8490933,1.1794773,122.21979999999988,-21.686857,0.21339328,0.49836278
2142.9,325.71,351.43,214.29,3.0,1132.8,6964.3,2.8055577,1.3553919,123.89990000000051,-16.427112,0.20542673,0.48417790000000005
2142.9,325.71,351.43,214.29,3.0,1132.8,11786.0,2.9073994,1.443188,123.48010000000009,-14.827378,0.21098669,0.48786599999999997
2142.9,325.71,351.43,214.29,3.0,1132.8,16607.0,2.7046523,2.0887932,96.80990000000023,-9.0568683,0.20287012,0.49268275
2142.9,325.71,351.43,214.29,3.0,3543.5,2142.9,2.8514316,1.2271451,122.43000000000049,-19.828902,0.21295487,0.49708178
2142.9,162.86,77.143,214.29,3.0,10776.0,6964.3,2.7932938999999997,1.6238347,121.58989999999959,-12.477339,0.19688815,0.46535434
2142.9,325.71,351.43,214.29,3.0,3543.5,6964.3,2.8156263999999998,1.2824421,124.52989999999974,-18.149406,0.20785019999999998,0.48859673
2142.9,325.71,351.43,214.29,3.0,3543.5,11786.0,2.9091761000000003,1.4459991,123.48010000000099,-14.782445999999998,0.21102074,0.48770956
2142.9,325.71,351.43,214.29,3.0,3543.5,16607.0,2.8449581000000004,1.9026415,106.04999999999976,-10.145562,0.20953518,0.49258788
2142.9,325.71,351.43,214.29,3.0,5954.3,2142.9,2.8470009999999997,1.2348781999999998,122.42980000000037,-19.568220999999998,0.21266620000000003,0.49684389
2142.9,325.71,351.43,214.29,3.0,5954.3,6964.3,2.8133642000000005,1.2791618,124.32000000000043,-18.238383,0.20787034,0.48878476
2142.9,325.71,351.43,214.29,3.0,5954.3,11786.0,2.9076213,1.4493011,123.47989999999997,-14.730093,0.21090485,0.48753320000000006
2142.9,325.71,351.43,214.29,3.0,5954.3,16607.0,2.900839,1.7773995999999999,112.55979999999965,-11.059880999999999,0.21236354,0.49238554
2142.9,325.71,351.43,214.29,3.0,8365.0,2142.9,2.8428486,1.2430293,122.43009999999987,-19.303525,0.21234029,0.49658943
2142.9,325.71,351.43,214.29,3.0,8365.0,6964.3,2.8114269,1.2715602,124.10999999999994,-18.449162,0.20794669,0.48921839
2142.9,325.71,351.43,214.29,3.0,8365.0,11786.0,2.9050873999999998,1.4573492000000001,123.26980000000054,-14.604379000000002,0.210573,0.48710427
2142.9,162.86,77.143,214.29,3.0,10776.0,11786.0,2.9392517000000002,1.4534616000000002,123.48010000000053,-14.664776000000002,0.21205768,0.48730672
2142.9,325.71,351.43,214.29,3.0,8365.0,16607.0,2.9439303,1.7329566000000003,114.8701000000001,-11.431089,0.21439276,0.49209569
2142.9,325.71,351.43,214.29,5.0,0.0,2142.9,1.2410326,7.6130171,,-2.2951131,0.059745007999999995,0.20095552
2142.9,325.71,351.43,214.29,5.0,0.0,6964.3,1.5113793,7.259340299999999,,-2.4083361,0.06496626900000001,0.2078371
2142.9,325.71,351.43,214.29,5.0,1132.8,2142.9,2.8164968999999997,1.184148,121.5900999999997,-21.482301,0.20997497,0.49382424
2142.9,325.71,351.43,214.29,5.0,1132.8,6964.3,2.9361907000000005,1.325114,123.48010000000099,-17.088172,0.21038827,0.48606258
2142.9,325.71,351.43,214.29,5.0,3543.5,2142.9,2.8292952000000002,1.0673816999999999,122.00999999999995,-29.737569,0.21256826,0.49828859
2142.9,325.71,351.43,214.29,5.0,3543.5,6964.3,2.9455199,1.2534287,123.69019999999998,-18.979761,0.21275694,0.49022562
2142.9,325.71,351.43,214.29,5.0,5954.3,2142.9,2.8241386000000004,1.0604049,122.01019999999963,-30.657608000000003,0.21246905,0.49848795
2142.9,325.71,351.43,214.29,5.0,5954.3,6964.3,2.9431617,1.2502548,123.68990000000046,-19.076985999999998,0.21278485,0.49039868
2142.9,325.71,351.43,214.29,5.0,8365.0,2142.9,2.8186879,1.0529075,122.00999999999995,-31.77705,0.21230876,0.49868299
2142.9,162.86,77.143,214.29,3.0,10776.0,16607.0,2.9854596,1.3703694,122.64010000000081,-16.123619,0.21560422,0.49289342
2142.9,325.71,351.43,214.29,5.0,8365.0,6964.3,2.9409456,1.2428403000000001,123.69010000000058,-19.309553,0.21285634,0.49080125
2142.9,325.71,351.43,214.29,7.0,0.0,2142.9,1.447072,6.9434731,,-2.5194026000000003,0.066895935,0.21535026
2142.9,325.71,351.43,214.29,7.0,1132.8,2142.9,2.8890609,1.0480146000000001,122.22009999999983,-32.5992,0.21550271,0.49980326
2142.9,325.71,351.43,214.29,7.0,3543.5,2142.9,2.8927519,1.1576288000000001,123.05969999999932,-22.726824,0.21542805,0.49887842
2142.9,325.71,351.43,214.29,7.0,5954.3,2142.9,2.8869043,1.1658133,122.6398999999998,-22.320034,0.21517039,0.49871409999999994
2142.9,325.71,351.43,214.29,7.0,8365.0,2142.9,2.8804526000000004,1.1738218999999999,122.6398999999998,-21.942389000000002,0.21483373,0.49854715
2142.9,325.71,488.57,214.29,3.0,0.0,2142.9,2.7896913,1.35835,111.92990000000025,-16.366017000000003,0.20423252,0.48471883
2142.9,325.71,488.57,214.29,3.0,0.0,6964.3,1.4822886,7.2956411999999995,,-2.3962,0.06470410900000001,0.20707742
2142.9,325.71,488.57,214.29,3.0,0.0,11786.0,2.9320819,1.7104053,116.33989999999983,-11.630561,0.20470047,0.47156301
2142.9,325.71,488.57,214.29,3.0,0.0,16607.0,2.5467178,2.5690807,75.18009999999987,-7.1382219,0.19028922,0.47984670000000007
2142.9,162.86,77.143,214.29,5.0,0.0,2142.9,1.1987208,8.0135323,,-2.1791646,0.05675191,0.19328046
2142.9,325.71,488.57,214.29,3.0,1132.8,2142.9,2.8916413,1.1737323,122.42989999999976,-21.946509,0.21523844,0.49848828
2142.9,325.71,488.57,214.29,3.0,1132.8,6964.3,2.8550607999999995,1.3129198,124.32009999999983,-17.37455,0.20858616,0.48680484
2142.9,325.71,488.57,214.29,3.0,1132.8,11786.0,2.9432062,1.4370181999999998,123.6904000000001,-14.927185,0.21258098,0.48818367
2142.9,325.71,488.57,214.29,3.0,1132.8,16607.0,2.7346137,2.0951667,96.5997999999999,-9.0240762,0.20410778,0.49286547
2142.9,325.71,488.57,214.29,3.0,3543.5,2142.9,2.8942862000000003,1.2232568000000001,122.64009999999992,-19.963699,0.21480437,0.49719322
2142.9,325.71,488.57,214.29,3.0,3543.5,6964.3,2.8643321,1.2416036,124.52980000000036,-19.349107999999998,0.21084298,0.49086449
2142.9,325.71,488.57,214.29,3.0,3543.5,11786.0,2.9450089,1.4409738,123.68989999999957,-14.863006,0.21259091,0.48796759
2142.9,325.71,488.57,214.29,3.0,3543.5,16607.0,2.87291,1.9107332,105.62989999999984,-10.092224,0.21072401,0.49276618
2142.9,325.71,488.57,214.29,3.0,5954.3,2142.9,2.8903306,1.2309742000000001,122.64010000000036,-19.698621,0.21453835,0.49696019999999996
2142.9,325.71,488.57,214.29,3.0,5954.3,6964.3,2.8618752,1.2383361000000002,124.52980000000036,-19.454709,0.21084918,0.49103847
2142.9,162.86,77.143,214.29,5.0,0.0,6964.3,1.2537592,8.2257057,,-2.1223867999999997,0.05572232,0.18896049
2142.9,325.71,488.57,214.29,3.0,5954.3,11786.0,2.9434572,1.4442716999999998,123.27000000000066,-14.810017000000002,0.21247381,0.48779251
2142.9,325.71,488.57,214.29,3.0,5954.3,16607.0,2.9282214,1.7851266,112.14000000000013,-10.998104,0.21354651,0.49257823
2142.9,325.71,488.57,214.29,3.0,8365.0,2142.9,2.8864007999999997,1.2390236000000001,122.64010000000036,-19.432357,0.21421859,0.49671333
2142.9,325.71,488.57,214.29,3.0,8365.0,6964.3,2.8607389,1.2309806,124.53009999999986,-19.698404999999998,0.21094058,0.49142792
2142.9,325.71,488.57,214.29,3.0,8365.0,11786.0,2.9414422000000005,1.4522486000000001,123.48010000000053,-14.683746,0.21216329,0.48737045
2142.9,325.71,488.57,214.29,3.0,8365.0,16607.0,2.9706675,1.7406453999999998,114.44999999999972,-11.364851,0.21555965,0.49230626
2142.9,325.71,488.57,214.29,5.0,0.0,2142.9,1.2879486999999998,7.6671761,,-2.2787136,0.059896627,0.19986908
2142.9,325.71,488.57,214.29,5.0,0.0,6964.3,1.5393073,7.1655194,,-2.440283,0.066006342,0.20987899
2142.9,325.71,488.57,214.29,5.0,1132.8,2142.9,2.8584652000000004,1.1907576000000002,121.3801000000001,-21.202248,0.21157509,0.49351641
2142.9,325.71,488.57,214.29,5.0,1132.8,6964.3,2.9446236,1.2814389,123.48010000000053,-18.176496,0.21189176,0.48865446
2142.9,162.86,77.143,214.29,5.0,1132.8,2142.9,2.8742567,1.1940161,121.3797999999997,-21.068043,0.21219074,0.49337011
2142.9,325.71,488.57,214.29,5.0,3543.5,2142.9,2.87228,1.0712426000000002,122.21990000000017,-29.269819000000002,0.21432447,0.49818093
2142.9,325.71,488.57,214.29,5.0,3543.5,6964.3,2.9534476,1.2116059,123.68980000000019,-20.383601000000002,0.21406845,0.49242105
2142.9,325.71,488.57,214.29,5.0,5954.3,2142.9,2.8672044999999997,1.0642083,122.21979999999988,-30.143240999999996,0.21423057,0.49838714
2142.9,325.71,488.57,214.29,5.0,5954.3,6964.3,2.9511861,1.2084891000000002,123.89990000000051,-20.500238,0.21409235,0.49257664
2142.9,325.71,488.57,214.29,5.0,8365.0,2142.9,2.8627097999999997,1.05664,122.22,-31.200706,0.21411298,0.49858866
2142.9,325.71,488.57,214.29,5.0,8365.0,6964.3,2.9492706,1.2013293999999999,123.68990000000002,-20.775558,0.21415582,0.49293272
2142.9,325.71,488.57,214.29,7.0,0.0,2142.9,1.4865661000000001,6.9986698,,-2.4992563999999997,0.066926145,0.21408225
2142.9,325.71,488.57,214.29,7.0,1132.8,2142.9,2.9260808999999997,1.0438148999999999,122.43029999999999,-33.376387,0.21702619,0.49975546
2142.9,325.71,488.57,214.29,7.0,3543.5,2142.9,2.9309979999999998,1.1526273,123.05969999999976,-22.986731,0.21707284,0.49896903
2142.9,325.71,488.57,214.29,7.0,5954.3,2142.9,2.9252057999999996,1.1608201999999999,123.05999999999972,-22.565559,0.21681765,0.49881134
2142.9,162.86,77.143,214.29,5.0,1132.8,6964.3,2.8815911,1.6830776,118.01979999999945,-11.883264,0.19706899,0.46086961
2142.9,325.71,488.57,214.29,7.0,8365.0,2142.9,2.9194215,1.1687155,122.85000000000012,-22.18095,0.21650964,0.49865399
2142.9,488.57,77.143,214.29,3.0,0.0,2142.9,2.8242586,1.3641396000000001,110.8798999999996,-16.248103,0.20552337,0.48445928
2142.9,488.57,77.143,214.29,3.0,0.0,6964.3,1.2545903999999999,8.348357400000001,,-2.0909008,0.055378659000000004,0.18680828
2142.9,488.57,77.143,214.29,3.0,0.0,11786.0,2.9632942000000004,1.7245633999999999,115.49999999999994,-11.50441,0.20556367,0.47059108
2142.9,488.57,77.143,214.29,3.0,0.0,16607.0,1.8804538,2.5139055,62.16,-7.3138262,0.1602025,0.4692361
2142.9,488.57,77.143,214.29,3.0,1132.8,2142.9,2.9248862,1.1780468000000002,122.22009999999939,-21.75066,0.21662216,0.49837634
2142.9,488.57,77.143,214.29,3.0,1132.8,6964.3,2.8239056000000002,1.7190167,116.1300999999999,-11.553458000000001,0.19477688,0.45814453
2142.9,488.57,77.143,214.29,3.0,1132.8,11786.0,2.9719446,1.4385506000000001,123.48009999999965,-14.902242000000001,0.21375204,0.48809343
2142.9,488.57,77.143,214.29,3.0,1132.8,16607.0,2.2256702,2.0966748,88.40990000000026,-9.016354699999999,0.17950918,0.48566450000000005
2142.9,488.57,77.143,214.29,3.0,3543.5,2142.9,2.9289487999999997,1.2233768,122.64009999999992,-19.959501,0.21629665,0.49718017
2142.9,162.86,77.143,214.29,5.0,3543.5,2142.9,2.8891788,1.0733141000000002,122.22,-29.029551,0.21503309,0.49812796
2142.9,488.57,77.143,214.29,3.0,3543.5,6964.3,2.8370637000000003,1.6372776000000002,120.74970000000019,-12.336544,0.1981031,0.46435322
2142.9,488.57,77.143,214.29,3.0,3543.5,11786.0,2.9738006,1.4400538,123.48009999999965,-14.877873000000001,0.21381996,0.48800889999999997
2142.9,488.57,77.143,214.29,3.0,3543.5,16607.0,2.4745147999999997,1.9262514,104.37010000000014,-9.9916546,0.19227562,0.49033843
2142.9,488.57,77.143,214.29,3.0,5954.3,2142.9,2.9251116,1.2301195,122.42980000000037,-19.727493,0.21604591,0.49697724
2142.9,488.57,77.143,214.29,3.0,5954.3,6964.3,2.8356624,1.6341185,120.95999999999974,-12.369297999999999,0.19818013,0.46459095
2142.9,488.57,77.143,214.29,3.0,5954.3,11786.0,2.9724939,1.4426048999999999,123.48010000000009,-14.836741,0.21372837,0.48787373
2142.9,488.57,77.143,214.29,3.0,5954.3,16607.0,2.4710426,1.8185561000000001,108.98990000000009,-10.739564,0.19333396,0.4902098
2142.9,488.57,77.143,214.29,3.0,8365.0,2142.9,2.9154999,1.2381578000000002,122.43009999999987,-19.460519,0.21546363,0.49673381
2142.9,488.57,77.143,214.29,3.0,8365.0,6964.3,2.8282291,1.6241561000000002,121.58989999999959,-12.473927999999999,0.19819017,0.46533389999999997
2142.9,488.57,77.143,214.29,3.0,8365.0,11786.0,2.9662714,1.450793,123.69019999999998,-14.70659,0.21322215,0.48744411
2142.9,162.86,77.143,214.29,3.0,0.0,11786.0,2.9462106,1.7248029999999999,115.49999999999994,-11.502303,0.20485227,0.47057726
2142.9,162.86,77.143,214.29,5.0,3543.5,6964.3,2.8964947,1.5990824,121.59019999999998,-12.746669,0.20054669,0.46719486
2142.9,488.57,77.143,214.29,3.0,8365.0,16607.0,2.7316700000000003,1.8110339,110.87990000000003,-10.796542,0.20678101,0.49177601
2142.9,488.57,77.143,214.29,5.0,0.0,2142.9,1.2231207,7.961305499999999,,-2.1936118,0.057329915,0.19424921
2142.9,488.57,77.143,214.29,5.0,0.0,6964.3,1.2680533999999999,8.1893295,,-2.1319088,0.056089503,0.18960712
2142.9,488.57,77.143,214.29,5.0,1132.8,2142.9,2.8755384999999998,1.1858017,121.37989999999999,-21.411220999999998,0.21240276,0.49375776
2142.9,488.57,77.143,214.29,5.0,1132.8,6964.3,2.8822913,1.6774293999999998,118.43989999999982,-11.93708,0.19727596,0.46129872
2142.9,488.57,77.143,214.29,5.0,3543.5,2142.9,2.8890397,1.0709423,122.21990000000017,-29.305258000000002,0.21504698,0.49819974
2142.9,488.57,77.143,214.29,5.0,3543.5,6964.3,2.896041,1.5970659999999999,121.38009999999966,-12.769213,0.20058452,0.46734466
2142.9,488.57,77.143,214.29,5.0,5954.3,2142.9,2.8844088,1.0647467,122.21979999999988,-30.072987,0.21495852,0.49838174
2142.9,488.57,77.143,214.29,5.0,5954.3,6964.3,2.8943841,1.5940347,121.37989999999999,-12.80328,0.20065966,0.46757013
2142.9,488.57,77.143,214.29,5.0,8365.0,2142.9,2.8767092,1.0572698,122.00999999999995,-31.107314000000002,0.21468511,0.49858118
2142.9,162.86,77.143,214.29,5.0,5954.3,2142.9,2.8843892999999996,1.066133,122.00989999999967,-29.894807,0.21495039999999999,0.49834044
2142.9,488.57,77.143,214.29,5.0,8365.0,6964.3,2.8920613,1.584559,121.5900999999997,-12.911161,0.20084981,0.46826903
2142.9,488.57,77.143,214.29,7.0,0.0,2142.9,1.4092376,7.3213924,,-2.387665,0.063571585,0.2070409
2142.9,488.57,77.143,214.29,7.0,1132.8,2142.9,2.9398082999999997,1.0481784,122.21999999999954,-32.570309,0.21762213,0.49975913
2142.9,488.57,77.143,214.29,7.0,3543.5,2142.9,2.9453652999999997,1.1545007,122.84990000000029,-22.888324,0.21766899,0.49892773
2142.9,488.57,77.143,214.29,7.0,5954.3,2142.9,2.9399566000000004,1.1618007,122.85000000000012,-22.516707,0.21742910000000001,0.49878581
2142.9,488.57,77.143,214.29,7.0,8365.0,2142.9,2.9319055,1.1695445,122.85000000000012,-22.141699,0.21701109999999998,0.4986319
2142.9,488.57,214.29,214.29,3.0,0.0,2142.9,2.7485146,1.3348716999999999,111.9301000000008,-16.867692,0.20322052,0.48620896
2142.9,488.57,214.29,214.29,3.0,0.0,6964.3,1.233965,8.0118632,,-2.1796227999999997,0.057174656,0.19282925
2142.9,488.57,214.29,214.29,3.0,0.0,11786.0,2.894515,1.7266323000000001,115.49999999999994,-11.486237,0.20276234,0.47049091
2142.9,488.57,214.29,214.29,3.0,0.0,16607.0,2.733283,2.642271,73.70970000000021,-6.918548599999999,0.19797534,0.47813052
2142.9,162.86,77.143,214.29,5.0,5954.3,6964.3,2.8942362,1.5953503999999998,121.58989999999959,-12.788467,0.20061849,0.46747265
2142.9,488.57,214.29,214.29,3.0,1132.8,2142.9,2.8461592000000002,1.1822002,122.22009999999983,-21.566914,0.21323742,0.49829708
2142.9,488.57,214.29,214.29,3.0,1132.8,6964.3,2.7345818,1.7409913000000001,114.8701000000001,-11.361891,0.19077084,0.45644821
2142.9,488.57,214.29,214.29,3.0,1132.8,11786.0,2.9051242000000004,1.4451379999999998,123.48010000000099,-14.796173999999999,0.21084853,0.4877623
2142.9,488.57,214.29,214.29,3.0,1132.8,16607.0,2.839425,2.1149777999999997,95.75990000000002,-8.9237747,0.20897404,0.49247813
2142.9,488.57,214.29,214.29,3.0,3543.5,2142.9,2.8484511,1.2267113,122.43000000000049,-19.843813,0.21283422,0.49709488
2142.9,488.57,214.29,214.29,3.0,3543.5,6964.3,2.7480037,1.6595023999999998,119.49009999999971,-12.111680999999999,0.19403059,0.46266631
2142.9,488.57,214.29,214.29,3.0,3543.5,11786.0,2.9065175,1.4464051000000002,123.48010000000099,-14.775984,0.21090196,0.48768851
2142.9,488.57,214.29,214.29,3.0,3543.5,16607.0,2.9138311000000003,1.9012112,106.04999999999976,-10.155055,0.21259723,0.49250482
2142.9,488.57,214.29,214.29,3.0,5954.3,2142.9,2.8439562,1.2340068000000002,122.42980000000037,-19.597122,0.21254909,0.49687124
2142.9,488.57,214.29,214.29,3.0,5954.3,6964.3,2.7457796,1.6559433000000001,119.69989999999964,-12.14705,0.19408911,0.46293564
2142.9,162.86,77.143,214.29,5.0,8365.0,2142.9,2.8764481,1.0583401000000001,122.00989999999967,-30.951001,0.21467493,0.49854953
2142.9,488.57,214.29,214.29,3.0,5954.3,11786.0,2.9052435,1.4494268999999997,123.47989999999997,-14.728107999999999,0.2108049,0.48752714
2142.9,488.57,214.29,214.29,3.0,5954.3,16607.0,2.9422102999999997,1.7654418,113.1899999999999,-11.157047,0.21405887,0.49246342
2142.9,488.57,214.29,214.29,3.0,8365.0,2142.9,2.8400255000000003,1.2420723,122.43009999999987,-19.334089000000002,0.21223399,0.49662066
2142.9,488.57,214.29,214.29,3.0,8365.0,6964.3,2.7446881000000003,1.6462154999999998,120.3297999999995,-12.244957000000001,0.1943304,0.46366865
2142.9,488.57,214.29,214.29,3.0,8365.0,11786.0,2.9026202999999997,1.4574328,123.26980000000054,-14.603087,0.21046900000000002,0.48710046
2142.9,488.57,214.29,214.29,3.0,8365.0,16607.0,2.9579636000000002,1.7144831999999999,115.91979999999947,-11.593902,0.21476929999999997,0.49226422
2142.9,488.57,214.29,214.29,5.0,0.0,2142.9,1.252861,7.5569145,,-2.3123535,0.060249961,0.20209496
2142.9,488.57,214.29,214.29,5.0,0.0,6964.3,1.3360393999999998,7.883825900000001,,-2.2154029,0.05871500599999999,0.1952198
2142.9,488.57,214.29,214.29,5.0,1132.8,2142.9,2.8129837,1.1802081,121.38000000000027,-21.654474,0.20990684,0.49400813
2142.9,488.57,214.29,214.29,5.0,1132.8,6964.3,2.8621877000000002,1.7029387999999999,116.9699999999998,-11.698373,0.19566607,0.4593517
2142.9,162.86,77.143,214.29,5.0,8365.0,6964.3,2.8920126,1.5857187,121.38009999999966,-12.897844000000001,0.2008229,0.46818313
2142.9,488.57,214.29,214.29,5.0,3543.5,2142.9,2.8256577999999997,1.0673691,122.00999999999995,-29.739144,0.2124158,0.49828903
2142.9,488.57,214.29,214.29,5.0,3543.5,6964.3,2.8756133999999998,1.6226479999999999,121.38009999999966,-12.489948,0.19896923,0.46543244
2142.9,488.57,214.29,214.29,5.0,5954.3,2142.9,2.8200181,1.0606969,122.01019999999963,-30.616957,0.21229305,0.49847923
2142.9,488.57,214.29,214.29,5.0,5954.3,6964.3,2.8736067000000003,1.6192256999999999,121.3801000000001,-12.526479,0.19905039,0.46568897
2142.9,488.57,214.29,214.29,5.0,8365.0,2142.9,2.8147907,1.0532603,122.00999999999995,-31.720802000000003,0.21214,0.49867290000000003
2142.9,488.57,214.29,214.29,5.0,8365.0,6964.3,2.8721695,1.6096979,121.17029999999929,-12.629511,0.19928923,0.46640017
2142.9,488.57,214.29,214.29,7.0,0.0,2142.9,1.4600566000000001,6.886493700000001,,-2.5405455000000003,0.067511548,0.21667687
2142.9,488.57,214.29,214.29,7.0,1132.8,2142.9,2.886165,1.0515851,122.22010000000027,-31.991305,0.215387,0.49981849
2142.9,488.57,214.29,214.29,7.0,3543.5,2142.9,2.8888607000000004,1.1584736999999998,122.8498999999994,-22.683792,0.2152563,0.49886182
2142.9,488.57,214.29,214.29,7.0,5954.3,2142.9,2.8835976000000003,1.1661705,122.6398999999998,-22.302776,0.21502738,0.49870659
2142.9,162.86,77.143,214.29,5.0,10776.0,2142.9,2.8568518,1.0566332,121.79989999999962,-31.201713,0.21384133,0.49859008
2142.9,488.57,214.29,214.29,7.0,8365.0,2142.9,2.8770797999999997,1.1740903,122.84999999999968,-21.930058,0.21468706,0.49854118
2142.9,488.57,351.43,214.29,3.0,0.0,2142.9,2.821577,1.3449721000000001,111.93019999999976,-16.647074,0.20592187,0.48557865
2142.9,488.57,351.43,214.29,3.0,0.0,6964.3,1.4996062,7.381595299999999,,-2.3679485000000002,0.064282066,0.20525018
2142.9,488.57,351.43,214.29,3.0,0.0,11786.0,2.9543516,1.7176901000000002,115.91979999999947,-11.565259,0.20538927,0.47107467
2142.9,488.57,351.43,214.29,3.0,0.0,16607.0,2.5392707000000003,2.5555665000000003,75.59990000000028,-7.1804044000000005,0.18972786,0.47966812
2142.9,488.57,351.43,214.29,3.0,1132.8,2142.9,2.9182801,1.1777868,122.22009999999939,-21.762317000000003,0.21634409,0.49838856
2142.9,488.57,351.43,214.29,3.0,1132.8,6964.3,2.8744821,1.3591672,124.10990000000011,-16.349239999999998,0.20813231,0.4839406
2142.9,488.57,351.43,214.29,3.0,1132.8,11786.0,2.9652807,1.4381276,123.6904000000001,-14.909117000000002,0.21347567,0.48811980000000005
2142.9,488.57,351.43,214.29,3.0,1132.8,16607.0,2.7266188,2.0775957999999997,97.4400000000002,-9.115114300000002,0.20358671,0.49294387
2142.9,488.57,351.43,214.29,3.0,3543.5,2142.9,2.9206418,1.2232383,122.64009999999992,-19.964347,0.21593947,0.49718659
2142.9,162.86,77.143,214.29,5.0,10776.0,6964.3,2.8853929,1.5853015,121.17010000000006,-12.902631,0.20073217,0.46821189
2142.9,488.57,351.43,214.29,3.0,3543.5,6964.3,2.8848771,1.2869415000000002,124.5299000000002,-18.029235,0.21059497,0.48833799
2142.9,488.57,351.43,214.29,3.0,3543.5,11786.0,2.9673778,1.4399521999999998,123.48009999999965,-14.879517000000002,0.21355010000000002,0.48801607
2142.9,488.57,351.43,214.29,3.0,3543.5,16607.0,2.8656477000000002,1.8910464,106.6798999999996,-10.223094999999999,0.2102604,0.49292433
2142.9,488.57,351.43,214.29,3.0,5954.3,2142.9,2.9168022999999996,1.2303155000000001,122.42980000000037,-19.720863,0.21568644,0.49697325
2142.9,488.57,351.43,214.29,3.0,5954.3,6964.3,2.8824877,1.2839153,124.32009999999983,-18.109824,0.21060549,0.48851266
2142.9,488.57,351.43,214.29,3.0,5954.3,11786.0,2.96591,1.4429208,123.48010000000009,-14.831666,0.21344368,0.48785853
2142.9,488.57,351.43,214.29,3.0,5954.3,16607.0,2.9210215,1.7662379000000001,113.1899999999999,-11.150518,0.21308147,0.49274724
2142.9,488.57,351.43,214.29,3.0,8365.0,2142.9,2.9122146,1.2382018999999997,122.43009999999987,-19.459082000000002,0.215337,0.4967328
2142.9,488.57,351.43,214.29,3.0,8365.0,6964.3,2.8785414,1.2762138,124.53010000000032,-18.319354,0.21059554,0.48895479999999997
2142.9,488.57,351.43,214.29,3.0,8365.0,11786.0,2.9631211,1.450869,123.48010000000053,-14.705394,0.21309831,0.48743912
2142.9,162.86,77.143,214.29,7.0,0.0,2142.9,1.383793,7.3777006,,-2.3692142999999994,0.062867845,0.20585584
2142.9,488.57,351.43,214.29,3.0,8365.0,16607.0,2.9629483,1.722134,115.49999999999994,-11.525834,0.21507861,0.49247051
2142.9,488.57,351.43,214.29,5.0,0.0,2142.9,1.3164236,7.6037577,,-2.2979407000000003,0.060631721,0.20113618
2142.9,488.57,351.43,214.29,5.0,0.0,6964.3,1.5240383999999998,7.2416077,,-2.4143092999999998,0.06523973799999999,0.20821617
2142.9,488.57,351.43,214.29,5.0,1132.8,2142.9,2.8648465,1.1851383,121.37989999999999,-21.439653,0.21195143,0.49378329
2142.9,488.57,351.43,214.29,5.0,1132.8,6964.3,2.9400865,1.3255164,123.27000000000066,-17.07893,0.21051128,0.48603797
2142.9,488.57,351.43,214.29,5.0,3543.5,2142.9,2.8777353,1.0704971,122.21990000000017,-29.358069,0.21456228,0.49820817
2142.9,488.57,351.43,214.29,5.0,3543.5,6964.3,2.9499126,1.2548028,123.90020000000047,-18.938087,0.21288395,0.49015031
2142.9,488.57,351.43,214.29,5.0,5954.3,2142.9,2.8730666,1.0640409,122.00979999999984,-30.165217,0.21448099,0.49839705
2142.9,488.57,351.43,214.29,5.0,5954.3,6964.3,2.9478192,1.2519296,123.68990000000046,-19.025513,0.21291454,0.49030738
2142.9,488.57,351.43,214.29,5.0,8365.0,2142.9,2.8676636,1.0566878,122.00999999999995,-31.19357,0.21431624,0.49859352
2142.9,162.86,77.143,214.29,7.0,1132.8,2142.9,2.9392536,1.0438822,122.21999999999954,-33.363352,0.21759116,0.49971033
2142.9,488.57,351.43,214.29,5.0,8365.0,6964.3,2.9459689,1.244618,123.68990000000046,-19.253080999999998,0.2129982,0.49070565
2142.9,488.57,351.43,214.29,7.0,0.0,2142.9,1.5132822,6.9334229999999994,,-2.5231058999999996,0.067766115,0.21557685
2142.9,488.57,351.43,214.29,7.0,1132.8,2142.9,2.9311021,1.0481895,122.22009999999983,-32.568360999999996,0.21724128,0.49978184
2142.9,488.57,351.43,214.29,7.0,3543.5,2142.9,2.9351629,1.1545146000000002,122.84990000000029,-22.887601,0.21722419,0.49893077
2142.9,488.57,351.43,214.29,7.0,5954.3,2142.9,2.9295512,1.1620218,122.85000000000012,-22.505732000000002,0.21698087,0.49878422
2142.9,488.57,351.43,214.29,7.0,8365.0,2142.9,2.9235507999999997,1.1697412,122.85000000000012,-22.132413,0.21666066,0.49862917
2142.9,488.57,488.57,214.29,3.0,0.0,2142.9,2.8420227000000002,1.3697948999999998,112.13969999999973,-16.134997,0.20605457,0.48399631
2142.9,488.57,488.57,214.29,3.0,0.0,6964.3,1.5534086,7.2977177,,-2.3955095,0.06554771200000001,0.20704198
2142.9,488.57,488.57,214.29,3.0,0.0,11786.0,2.9749556,1.7055155,116.54969999999932,-11.67487,0.20660013,0.47187341
2142.9,488.57,488.57,214.29,3.0,0.0,16607.0,2.5891261,2.7483788,67.8299,-6.6241587,0.19182229,0.47958919
2142.9,162.86,77.143,214.29,7.0,3543.5,2142.9,2.9463626,1.1522552,122.8498999999994,-23.006435,0.21774722,0.49896942
2142.9,488.57,488.57,214.29,3.0,1132.8,2142.9,2.9419211,1.1702245,122.6398999999998,-22.109651,0.21746706,0.49856042
2142.9,488.57,488.57,214.29,3.0,1132.8,6964.3,2.9133075,1.2748848,124.31980000000031,-18.356174,0.21199403,0.4890306
2142.9,488.57,488.57,214.29,3.0,1132.8,11786.0,2.9848211,1.4317403,123.69010000000058,-15.013892000000002,0.21446532,0.48845048
2142.9,488.57,488.57,214.29,3.0,1132.8,16607.0,2.7703272,2.2426865,89.87980000000029,-8.330867999999999,0.20555149,0.4928258
2142.9,488.57,488.57,214.29,3.0,3543.5,2142.9,2.9445181000000002,1.2174562,122.6398999999998,-20.169664,0.21706982,0.497359
2142.9,488.57,488.57,214.29,3.0,3543.5,6964.3,2.9212228,1.2065146,124.7398000000004,-20.575120000000002,0.21406778,0.49267126
2142.9,488.57,488.57,214.29,3.0,3543.5,11786.0,2.9873086,1.4345336000000002,123.68990000000002,-14.967849,0.21453409999999998,0.48829674
2142.9,488.57,488.57,214.29,3.0,3543.5,16607.0,2.9061327,2.0171782,100.38000000000036,-9.4440781,0.21217949,0.49290213
2142.9,488.57,488.57,214.29,3.0,5954.3,2142.9,2.9415077999999997,1.2245051000000002,122.6399000000007,-19.920146,0.21685642,0.49715227
2142.9,488.57,488.57,214.29,3.0,5954.3,6964.3,2.9195552000000005,1.2036196000000001,124.52980000000036,-20.686343,0.21409193,0.49281387
2142.9,162.86,77.143,214.29,3.0,0.0,16607.0,1.8455297999999998,2.5262853,62.36979999999992,-7.2736344,0.1592557,0.46947149
2142.9,162.86,77.143,214.29,7.0,5954.3,2142.9,2.9403892000000003,1.1606302,122.8498999999994,-22.575067,0.21747374,0.49880924
2142.9,488.57,488.57,214.29,3.0,5954.3,11786.0,2.9855256000000003,1.4375357,123.48010000000009,-14.91875,0.21441202,0.4881387
2142.9,488.57,488.57,214.29,3.0,5954.3,16607.0,2.9600077999999996,1.8970387,106.25979999999969,-10.182863000000001,0.21497227,0.49277959
2142.9,488.57,488.57,214.29,3.0,8365.0,2142.9,2.9373527999999998,1.2323058,122.64009999999992,-19.653873,0.21652424,0.49692046
2142.9,488.57,488.57,214.29,3.0,8365.0,6964.3,2.9177988,1.1964448,124.74009999999947,-20.969595,0.21413171,0.49316513
2142.9,488.57,488.57,214.29,3.0,8365.0,11786.0,2.9839304,1.4453770000000001,123.48010000000099,-14.792360999999998,0.21411849,0.48772797
2142.9,488.57,488.57,214.29,3.0,8365.0,16607.0,3.0013522999999998,1.8389801,109.19979999999984,-10.588213,0.21695504,0.49255377
2142.9,488.57,488.57,214.29,5.0,0.0,2142.9,1.2728945,7.7656673,,-2.2494867000000003,0.059087095,0.19793284
2142.9,488.57,488.57,214.29,5.0,0.0,6964.3,1.5425582,7.1476666,,-2.4464586,0.066178663,0.21027992
2142.9,488.57,488.57,214.29,5.0,1132.8,2142.9,2.866548,1.1920137,121.58990000000003,-21.15022,0.21187334,0.49345292
2142.9,488.57,488.57,214.29,5.0,1132.8,6964.3,2.950328,1.2416543,123.48010000000009,-19.347482,0.21312227,0.49086261
2142.9,162.86,77.143,214.29,7.0,8365.0,2142.9,2.9324124,1.1686318000000002,122.64020000000019,-22.184928,0.21706305,0.49865168
2142.9,488.57,488.57,214.29,5.0,3543.5,2142.9,2.8803718999999997,1.0731025,122.22,-29.053765999999996,0.21462634,0.49811756
2142.9,488.57,488.57,214.29,5.0,3543.5,6964.3,2.958933,1.1750167999999999,123.89990000000051,-21.887657,0.21509008,0.49417481
2142.9,488.57,488.57,214.29,5.0,5954.3,2142.9,2.8759264,1.066427,122.22,-29.857512,0.21455571,0.49831437
2142.9,488.57,488.57,214.29,5.0,5954.3,6964.3,2.9568147999999996,1.1722317,123.89989999999962,-22.015860999999997,0.21510370000000004,0.49430108
2142.9,488.57,488.57,214.29,5.0,8365.0,2142.9,2.8715879,1.0590355,122.01019999999963,-30.851018,0.21443703,0.49851424
2142.9,488.57,488.57,214.29,5.0,8365.0,6964.3,2.9549787999999997,1.1653619,123.89989999999962,-22.341898,0.21514634,0.49461199
2142.9,488.57,488.57,214.29,7.0,0.0,2142.9,1.4690212,7.1021674,,-2.462342,0.065909276,0.21175348
2142.9,488.57,488.57,214.29,7.0,1132.8,2142.9,2.9323389,1.0411834999999998,122.21999999999954,-33.903172,0.21728114,0.49974382
2142.9,488.57,488.57,214.29,7.0,3543.5,2142.9,2.9374697,1.1480158999999999,123.06019999999984,-23.234582,0.21737597,0.49905721
2142.9,488.57,488.57,214.29,7.0,5954.3,2142.9,2.9321137999999998,1.1556284,123.06019999999984,-22.829701999999997,0.21714329,0.498917
2142.9,162.86,77.143,214.29,7.0,10776.0,2142.9,2.9115207,1.1707478,122.63969999999969,-22.085086999999998,0.21626976,0.49861053
2142.9,488.57,488.57,214.29,7.0,8365.0,2142.9,2.9265947999999997,1.1632938,122.84989999999985,-22.442914000000002,0.21684378,0.49877089
2142.9,651.43,77.143,214.29,3.0,0.0,2142.9,2.8094759999999996,1.3694152,110.87960000000008,-16.142528,0.20474903,0.48410406
2142.9,651.43,77.143,214.29,3.0,0.0,6964.3,1.2385143,8.3392157,,-2.0932152,0.055263664000000004,0.18696594
2142.9,651.43,77.143,214.29,3.0,0.0,11786.0,2.9523166,1.7205161,115.70979999999986,-11.540152,0.20523004,0.47086534
2142.9,651.43,77.143,214.29,3.0,0.0,16607.0,2.4287692,2.7192933999999997,67.8299,-6.7022088,0.18494272,0.47924346
2142.9,651.43,77.143,214.29,3.0,1132.8,2142.9,2.9117710999999997,1.1775441999999998,122.22009999999939,-21.773208,0.21604928,0.49839353
2142.9,651.43,77.143,214.29,3.0,1132.8,6964.3,2.8097255000000003,1.7187766,116.1300999999999,-11.555591999999999,0.19427743,0.45816034
2142.9,651.43,77.143,214.29,3.0,1132.8,11786.0,2.9612857000000004,1.4385504999999998,123.48009999999965,-14.902242999999999,0.21329591,0.48809655
2142.9,651.43,77.143,214.29,3.0,1132.8,16607.0,2.6585389,2.2441482999999995,89.45990000000003,-8.324570699999999,0.2003831,0.49249989
2142.9,651.43,77.143,214.29,3.0,3543.5,2142.9,2.9154307,1.2228356000000002,122.64009999999992,-19.978457000000002,0.21570909,0.49720064
2142.9,162.86,214.29,214.29,3.0,0.0,2142.9,2.7510247000000003,1.3423627,111.9298999999998,-16.703354,0.20312099,0.48575108
2142.9,651.43,77.143,214.29,3.0,3543.5,6964.3,2.8231172000000004,1.6372182,120.74970000000019,-12.337158,0.19759695,0.46435574
2142.9,651.43,77.143,214.29,3.0,3543.5,11786.0,2.9633217999999997,1.4399708,123.48009999999965,-14.879216,0.21337502,0.48801629
2142.9,651.43,77.143,214.29,3.0,3543.5,16607.0,2.8347198,2.0354308,99.54000000000019,-9.3419852,0.20888317,0.49276441
2142.9,651.43,77.143,214.29,3.0,5954.3,2142.9,2.9122051,1.2292108,122.42980000000037,-19.75832,0.21549291,0.49700942
2142.9,651.43,77.143,214.29,3.0,5954.3,6964.3,2.8214627,1.6342662000000001,120.95999999999974,-12.367761999999999,0.19765906,0.46457787
2142.9,651.43,77.143,214.29,3.0,5954.3,11786.0,2.9617665,1.4423553999999998,123.48010000000009,-14.840751000000001,0.21327475,0.48788971
2142.9,651.43,77.143,214.29,3.0,5954.3,16607.0,2.9044262,1.9254216,104.78999999999994,-9.9969768,0.21249284,0.49259325
2142.9,651.43,77.143,214.29,3.0,8365.0,2142.9,2.9042604,1.2370628000000001,122.43009999999987,-19.496295,0.21498816,0.49677233
2142.9,651.43,77.143,214.29,3.0,8365.0,6964.3,2.8156623,1.6244425,121.58989999999959,-12.470892,0.19772298,0.46531082
2142.9,651.43,77.143,214.29,3.0,8365.0,11786.0,2.9571011,1.4503595,123.47989999999997,-14.713410000000001,0.21284179999999997,0.48746979
2142.9,162.86,214.29,214.29,3.0,0.0,6964.3,1.2359373,8.032755900000002,,-2.1738947,0.057066472,0.19244414
2142.9,651.43,77.143,214.29,3.0,8365.0,16607.0,2.9685755,1.8521762,108.56989999999999,-10.492939,0.21561172,0.4922344
2142.9,651.43,77.143,214.29,5.0,0.0,2142.9,1.2178958,7.970229300000001,,-2.1911299,0.057213684,0.19407779999999997
2142.9,651.43,77.143,214.29,5.0,0.0,6964.3,1.2683606,8.1858682,,-2.1328195,0.05611084400000001,0.18966693
2142.9,651.43,77.143,214.29,5.0,1132.8,2142.9,2.8730161,1.1860049,121.37989999999999,-21.402533,0.21228031,0.4937460999999999
2142.9,651.43,77.143,214.29,5.0,1132.8,6964.3,2.8814255,1.6782037,118.2300999999999,-11.929668,0.19721076,0.46123901
2142.9,651.43,77.143,214.29,5.0,3543.5,2142.9,2.8873447999999997,1.0711834999999998,122.21990000000017,-29.27678,0.21496462,0.49818900000000005
2142.9,651.43,77.143,214.29,5.0,3543.5,6964.3,2.8953932,1.5979748,121.59019999999998,-12.759041,0.20052499,0.46727652
2142.9,651.43,77.143,214.29,5.0,5954.3,2142.9,2.8828015,1.0653,122.00989999999967,-30.001403999999997,0.21487554,0.49836236
2142.9,651.43,77.143,214.29,5.0,5954.3,6964.3,2.8938544,1.5951624,121.58989999999959,-12.790581,0.20059775,0.46748586
2142.9,651.43,77.143,214.29,5.0,8365.0,2142.9,2.8754918999999997,1.0579187,122.00989999999967,-31.012184,0.21461855,0.49855959999999994
2142.9,162.86,214.29,214.29,3.0,0.0,11786.0,2.8981787,1.7240654999999998,115.49999999999994,-11.508794,0.20297321,0.47065833
2142.9,651.43,77.143,214.29,5.0,8365.0,6964.3,2.8917189,1.5857606000000002,121.38009999999966,-12.897363,0.20079266,0.46817963
2142.9,651.43,77.143,214.29,7.0,0.0,2142.9,1.4045931,7.332711200000001,,-2.3839328999999996,0.06343114799999999,0.20679496
2142.9,651.43,77.143,214.29,7.0,1132.8,2142.9,2.9376819,1.047224,122.01020000000007,-32.740047,0.21752081,0.49976042
2142.9,651.43,77.143,214.29,7.0,3543.5,2142.9,2.943973,1.1533307,123.05969999999976,-22.949633,0.21761441,0.49895191
2142.9,651.43,77.143,214.29,7.0,5954.3,2142.9,2.9387407000000003,1.1602485,122.8498999999994,-22.594194,0.21738573,0.4988188
2142.9,651.43,77.143,214.29,7.0,8365.0,2142.9,2.9306891,1.1678518,122.84999999999968,-22.222073,0.21696643,0.49866941
2142.9,651.43,214.29,214.29,3.0,0.0,2142.9,2.765413,1.3309142,112.14020000000025,-16.956219,0.2039817,0.48644792
2142.9,651.43,214.29,214.29,3.0,0.0,6964.3,1.2615183,8.0002414,,-2.1828227000000004,0.057527536,0.19304121
2142.9,651.43,214.29,214.29,3.0,0.0,11786.0,2.9078877,1.7245392,115.49999999999994,-11.504624,0.20332507,0.47062853
2142.9,651.43,214.29,214.29,3.0,0.0,16607.0,2.5003954,2.5408272999999997,76.22980000000013,-7.227015799999999,0.18812278,0.47905655
2142.9,162.86,214.29,214.29,3.0,0.0,16607.0,2.7103067000000003,2.634425,73.92000000000021,-6.9414145000000005,0.19705013,0.47849012
2142.9,651.43,214.29,214.29,3.0,1132.8,2142.9,2.8602951,1.1830542,122.22009999999983,-21.529697,0.21379393,0.49827854
2142.9,651.43,214.29,214.29,3.0,1132.8,6964.3,2.7497822999999997,1.7428019000000001,114.65979999999965,-11.346428999999999,0.19125799999999998,0.45630958
2142.9,651.43,214.29,214.29,3.0,1132.8,11786.0,2.9177394,1.443525,123.69020000000042,-14.821973999999999,0.21137021,0.48784601
2142.9,651.43,214.29,214.29,3.0,1132.8,16607.0,2.6980988,2.0670663,97.8599,-9.1706352,0.20245174,0.49259192
2142.9,651.43,214.29,214.29,3.0,3543.5,2142.9,2.8629898,1.2253981000000003,122.6399000000007,-19.88915,0.21343784,0.49713489
2142.9,651.43,214.29,214.29,3.0,3543.5,6964.3,2.7632915000000002,1.6626328000000001,119.27979999999971,-12.080767,0.1944908,0.46243027
2142.9,651.43,214.29,214.29,3.0,3543.5,11786.0,2.919737,1.4436436000000001,123.48010000000009,-14.820073,0.21148081,0.48783315
2142.9,651.43,214.29,214.29,3.0,3543.5,16607.0,2.8448078999999997,1.8819308999999997,107.09979999999986,-10.284981,0.20948836,0.49265247
2142.9,651.43,214.29,214.29,3.0,5954.3,2142.9,2.859163,1.2318751000000001,122.43029999999999,-19.668316,0.21319429999999998,0.49693763
2142.9,651.43,214.29,214.29,3.0,5954.3,6964.3,2.761721,1.6596117,119.49009999999971,-12.110598,0.19455965,0.46265916
2142.9,162.86,214.29,214.29,3.0,1132.8,2142.9,2.8534797999999997,1.177281,122.22009999999939,-21.785045,0.21360785,0.49840708
2142.9,651.43,214.29,214.29,3.0,5954.3,11786.0,2.9182492,1.4461905000000002,123.48010000000099,-14.7794,0.21138238,0.48769714
2142.9,651.43,214.29,214.29,3.0,5954.3,16607.0,2.9032801,1.7581008999999999,113.60999999999954,-11.217663,0.21246995,0.49247973
2142.9,651.43,214.29,214.29,3.0,8365.0,2142.9,2.8555319,1.2396477,122.43010000000076,-19.412128,0.21289302,0.4966986
2142.9,651.43,214.29,214.29,3.0,8365.0,6964.3,2.7606581,1.6500157,120.11999999999956,-12.206493,0.19479626,0.46338286
2142.9,651.43,214.29,214.29,3.0,8365.0,11786.0,2.9161235,1.4540355,123.27030000000062,-14.65582,0.21106931,0.48728103
2142.9,651.43,214.29,214.29,3.0,8365.0,16607.0,2.9499997000000002,1.7141906999999998,115.91979999999947,-11.596523,0.21468929,0.49219484
2142.9,651.43,214.29,214.29,5.0,0.0,2142.9,1.2745768,7.5292401,,-2.3209542,0.060667566,0.20265135
2142.9,651.43,214.29,214.29,5.0,0.0,6964.3,1.342023,7.8645192999999995,,-2.2209012,0.058897648,0.19558385
2142.9,651.43,214.29,214.29,5.0,1132.8,2142.9,2.8209032000000005,1.1779872999999998,121.37989999999999,-21.753328,0.21024610000000002,0.49410709999999997
2142.9,651.43,214.29,214.29,5.0,1132.8,6964.3,2.8618202999999998,1.7037964,116.75979999999964,-11.690539,0.19560581,0.45928411
2142.9,162.86,214.29,214.29,3.0,5954.3,2142.9,2.8508485,1.2340427,122.42980000000037,-19.595929,0.21284509,0.49686763
2142.9,651.43,214.29,214.29,5.0,3543.5,2142.9,2.8334866,1.0673350000000001,122.00999999999995,-29.743399,0.21271787,0.49828644
2142.9,651.43,214.29,214.29,5.0,3543.5,6964.3,2.8748308,1.624794,121.3797999999997,-12.467168,0.19884878,0.46527029
2142.9,651.43,214.29,214.29,5.0,5954.3,2142.9,2.8287497999999998,1.0615033999999999,122.00979999999984,-30.505694000000002,0.21262167,0.49845399
2142.9,651.43,214.29,214.29,5.0,5954.3,6964.3,2.8733478999999997,1.6219063999999999,121.38009999999966,-12.497843,0.19893361,0.46548703
2142.9,651.43,214.29,214.29,5.0,8365.0,2142.9,2.8242982999999997,1.0543044,122.00999999999995,-31.556590999999997,0.21249604,0.49864232
2142.9,651.43,214.29,214.29,5.0,8365.0,6964.3,2.8725071,1.6125673,121.38009999999966,-12.598272999999999,0.19918804,0.46618476
2142.9,651.43,214.29,214.29,7.0,0.0,2142.9,1.4778418,6.8629019,,-2.5494044,0.06790524,0.21721999
2142.9,651.43,214.29,214.29,7.0,1132.8,2142.9,2.8921667,1.0511678999999998,122.22010000000027,-32.060072,0.21560452,0.49982594
2142.9,651.43,214.29,214.29,7.0,3543.5,2142.9,2.8959347,1.1561662,122.8498999999994,-22.801904,0.21554421,0.49890891
2142.9,651.43,214.29,214.29,7.0,5954.3,2142.9,2.8910201,1.1630002000000002,122.6398999999998,-22.457368,0.21533989,0.498774
2142.9,162.86,214.29,214.29,3.0,5954.3,6964.3,2.7523549,1.6563318,119.69989999999964,-12.143178,0.19433395,0.46290733
2142.9,651.43,214.29,214.29,7.0,8365.0,2142.9,2.8853122000000004,1.1705703,122.63969999999969,-22.093409,0.21503046,0.49861981
2142.9,651.43,351.43,214.29,3.0,0.0,2142.9,2.8074195,1.3497496999999998,111.92990000000025,-16.545285999999997,0.2051933,0.48526757
2142.9,651.43,351.43,214.29,3.0,0.0,6964.3,1.47691,7.3814459,,-2.3679968999999996,0.064013739,0.20525259999999998
2142.9,651.43,351.43,214.29,3.0,0.0,11786.0,2.9443532,1.714649,116.1298999999998,-11.592417999999999,0.20507119,0.47128041
2142.9,651.43,351.43,214.29,3.0,0.0,16607.0,2.530768,2.5529173,75.80999999999972,-7.1887355,0.18946798,0.47981890000000005
2142.9,651.43,351.43,214.29,3.0,1132.8,2142.9,2.9054585,1.1767356000000002,122.42989999999976,-21.809631,0.21579312,0.49841752
2142.9,651.43,351.43,214.29,3.0,1132.8,6964.3,2.8575007,1.3599424,124.10990000000011,-16.333368,0.2073988,0.48389041
2142.9,651.43,351.43,214.29,3.0,1132.8,11786.0,2.9548696,1.4379191999999998,123.6904000000001,-14.912506,0.21303883,0.48813365
2142.9,651.43,351.43,214.29,3.0,1132.8,16607.0,2.7183695,2.0782628,97.4400000000002,-9.1116213,0.20325675,0.49295779
2142.9,651.43,351.43,214.29,3.0,3543.5,2142.9,2.9081653999999997,1.2221726000000002,122.64009999999992,-20.001748000000003,0.21540942,0.49722253
2142.9,162.86,77.143,214.29,3.0,1132.8,2142.9,2.9068472,1.1715348,122.22010000000027,-22.048293,0.21590668,0.49852541
2142.9,162.86,214.29,214.29,3.0,1132.8,16607.0,2.8174592,2.1078424,96.18000000000038,-8.959619900000002,0.20798847,0.49271850000000006
2142.9,651.43,351.43,214.29,3.0,3543.5,6964.3,2.8682963,1.2876674,124.5299000000002,-18.010046,0.20987522,0.48829563
2142.9,651.43,351.43,214.29,3.0,3543.5,11786.0,2.9569721,1.4396806999999998,123.48009999999965,-14.883911999999999,0.21311486,0.48803314
2142.9,651.43,351.43,214.29,3.0,3543.5,16607.0,2.8579246,1.8913769,106.6798999999996,-10.220867,0.2099404,0.49293389
2142.9,651.43,351.43,214.29,3.0,5954.3,2142.9,2.9047492000000004,1.2290506,122.42980000000037,-19.763769,0.21518021,0.49701638
2142.9,651.43,351.43,214.29,3.0,5954.3,6964.3,2.8660415,1.2847309,124.53010000000076,-18.088008,0.20988887,0.48846534
2142.9,651.43,351.43,214.29,3.0,5954.3,11786.0,2.9558788,1.4425643,123.48010000000009,-14.837392999999999,0.21302852,0.48788035
2142.9,651.43,351.43,214.29,3.0,5954.3,16607.0,2.913785,1.7663403000000002,113.1899999999999,-11.149678999999999,0.21278277,0.49275944
2142.9,651.43,351.43,214.29,3.0,8365.0,2142.9,2.9002548,1.2368940000000002,122.43009999999987,-19.501826,0.21483538,0.49677815
2142.9,651.43,351.43,214.29,3.0,8365.0,6964.3,2.8632383999999997,1.2771184,124.32000000000043,-18.294404999999998,0.20992619,0.48890313
2142.9,651.43,351.43,214.29,3.0,8365.0,11786.0,2.9532442999999997,1.4504638,123.47989999999997,-14.711768,0.21269038,0.48746337
2142.9,162.86,214.29,214.29,3.0,3543.5,2142.9,2.8555015,1.2257175,122.6399000000007,-19.878097,0.21314995,0.49712164
2142.9,651.43,351.43,214.29,3.0,8365.0,16607.0,2.9564013,1.7221096000000002,115.49999999999994,-11.52605,0.21480768,0.49248351
2142.9,651.43,351.43,214.29,5.0,0.0,2142.9,1.3091416,7.6172205,,-2.2938322,0.060457288,0.20086413
2142.9,651.43,351.43,214.29,5.0,0.0,6964.3,1.5223538,7.2465765,,-2.4126325,0.065181411,0.20810789
2142.9,651.43,351.43,214.29,5.0,1132.8,2142.9,2.8615342,1.1861565,121.37989999999999,-21.396060000000002,0.21178447,0.49373395
2142.9,651.43,351.43,214.29,5.0,1132.8,6964.3,2.9396082999999997,1.3271377,123.27000000000066,-17.041829999999997,0.21044770000000004,0.48593852
2142.9,651.43,351.43,214.29,5.0,3543.5,2142.9,2.8751314,1.0711191999999998,122.21990000000017,-29.284369,0.21443961,0.49818602
2142.9,651.43,351.43,214.29,5.0,3543.5,6964.3,2.9493343999999997,1.2562775,123.69010000000014,-18.893639999999998,0.21282263,0.49006933
2142.9,651.43,351.43,214.29,5.0,5954.3,2142.9,2.8706848999999997,1.0648095,122.00989999999967,-30.064821999999996,0.21436550000000001,0.49837128
2142.9,651.43,351.43,214.29,5.0,5954.3,6964.3,2.9473077,1.2534635,123.69019999999998,-18.978702,0.21285410000000002,0.49022359
2142.9,651.43,351.43,214.29,5.0,8365.0,2142.9,2.8656842,1.0574568000000002,122.00989999999967,-31.079784000000004,0.21421934,0.49856838
2142.9,162.86,214.29,214.29,3.0,3543.5,6964.3,2.7546402999999997,1.6605501,119.49009999999971,-12.101314,0.19425507,0.46258841
2142.9,651.43,351.43,214.29,5.0,8365.0,6964.3,2.9457054,1.2461611000000001,123.68990000000046,-19.204429,0.21294897,0.49062252
2142.9,651.43,351.43,214.29,7.0,0.0,2142.9,1.5065467,6.9489818,,-2.5173772999999997,0.067557355,0.21521612
2142.9,651.43,351.43,214.29,7.0,1132.8,2142.9,2.9286212000000003,1.0466606999999999,122.21999999999954,-32.84189,0.21713114,0.49977849
2142.9,651.43,351.43,214.29,7.0,3543.5,2142.9,2.933084,1.1527933000000001,123.05969999999976,-22.977960999999997,0.21715018,0.49896538
2142.9,651.43,351.43,214.29,7.0,5954.3,2142.9,2.9275627999999996,1.1601433,122.8498999999994,-22.599475,0.21691177,0.49882384
2142.9,651.43,351.43,214.29,7.0,8365.0,2142.9,2.9217492999999997,1.1678108999999999,122.84999999999968,-22.224026000000002,0.21659983,0.49867204
2142.9,651.43,488.57,214.29,3.0,0.0,2142.9,2.7755935000000003,1.3666618000000001,111.9298999999998,-16.197412,0.20342301,0.48418069
2142.9,651.43,488.57,214.29,3.0,0.0,6964.3,1.4552895000000001,7.3293101,,-2.3850532,0.064142867,0.20636716
2142.9,651.43,488.57,214.29,3.0,0.0,11786.0,2.9222613999999996,1.7115468,116.33989999999983,-11.620273,0.20428138,0.47149030000000003
2142.9,651.43,488.57,214.29,3.0,0.0,16607.0,2.5364044,2.5771164,74.75999999999993,-7.113386200000001,0.18982139,0.47961081
2142.9,162.86,214.29,214.29,3.0,3543.5,11786.0,2.9120048,1.4459518,123.48010000000099,-14.7832,0.21114208,0.48771083
2142.9,651.43,488.57,214.29,3.0,1132.8,2142.9,2.8781828,1.1764125,122.42989999999976,-21.824238,0.21463035,0.49843409999999994
2142.9,651.43,488.57,214.29,3.0,1132.8,6964.3,2.8448453,1.2955101999999998,124.31980000000031,-17.806136,0.20862096,0.48783879
2142.9,651.43,488.57,214.29,3.0,1132.8,11786.0,2.9324296000000003,1.4396569,123.48009999999965,-14.884297,0.21207182,0.4880475
2142.9,651.43,488.57,214.29,3.0,1132.8,16607.0,2.7230465,2.1019932999999997,96.18000000000038,-8.9892381,0.20358282,0.49271294
2142.9,651.43,488.57,214.29,3.0,3543.5,2142.9,2.8810342,1.2235649,122.4299000000002,-19.952925,0.21422908,0.49718893
2142.9,651.43,488.57,214.29,3.0,3543.5,6964.3,2.8541048,1.2267705,124.52989999999974,-19.841778,0.21075958,0.49164563
2142.9,651.43,488.57,214.29,3.0,3543.5,11786.0,2.9343623,1.442297,123.48010000000009,-14.841689,0.21211638,0.48790034
2142.9,651.43,488.57,214.29,3.0,3543.5,16607.0,2.8626888999999998,1.9137872,105.41989999999979,-10.072256,0.21027656,0.49268999999999996
2142.9,651.43,488.57,214.29,3.0,5954.3,2142.9,2.8774096,1.2306138999999998,122.64010000000036,-19.710778,0.21398692,0.4969759
2142.9,651.43,488.57,214.29,3.0,5954.3,6964.3,2.8518312999999997,1.2237805,124.53029999999998,-19.945394,0.21076254,0.49180004
2142.9,162.86,214.29,214.29,3.0,3543.5,16607.0,2.9192411,1.9003142,106.04999999999976,-10.161019,0.21282561,0.49252443
2142.9,651.43,488.57,214.29,3.0,5954.3,11786.0,2.9332465,1.4452279,123.48010000000099,-14.794739000000002,0.21202627,0.48774448
2142.9,651.43,488.57,214.29,3.0,5954.3,16607.0,2.9185244,1.7869453999999998,112.14000000000013,-10.983677,0.21312903,0.49252982
2142.9,651.43,488.57,214.29,3.0,8365.0,2142.9,2.8740285,1.2384636999999998,122.64010000000036,-19.450554999999998,0.21369406,0.49673554
2142.9,651.43,488.57,214.29,3.0,8365.0,6964.3,2.8507715,1.2165746000000002,124.53000000000047,-20.201498,0.21084539,0.49217028
2142.9,651.43,488.57,214.29,3.0,8365.0,11786.0,2.9314625,1.4531532,123.48010000000053,-14.669592000000002,0.21172642,0.48732468
2142.9,651.43,488.57,214.29,3.0,8365.0,16607.0,2.9620502,1.741844,114.44999999999972,-11.354602,0.21519677,0.49227485
2142.9,651.43,488.57,214.29,5.0,0.0,2142.9,1.2421284,7.764466400000001,,-2.2498387,0.058772436,0.19795939
2142.9,651.43,488.57,214.29,5.0,0.0,6964.3,1.5275441,7.204126400000001,,-2.4270343,0.065575186,0.20904181
2142.9,651.43,488.57,214.29,5.0,1132.8,2142.9,2.8453123,1.1874388,121.38000000000027,-21.341528,0.21109067,0.49366850000000007
2142.9,651.43,488.57,214.29,5.0,1132.8,6964.3,2.946438,1.2652932,123.47959999999958,-18.627968,0.2123882,0.48956939
2142.9,162.86,214.29,214.29,3.0,5954.3,2142.9,2.8508489,1.2340427,122.42980000000037,-19.595927,0.2128451,0.49686763
2142.9,651.43,488.57,214.29,5.0,3543.5,2142.9,2.8586395,1.07035,122.21990000000017,-29.375596999999996,0.21374633,0.49820010000000003
2142.9,651.43,488.57,214.29,5.0,3543.5,6964.3,2.9553632000000003,1.1979391000000001,123.89999999999989,-20.909682,0.21445977,0.49309551
2142.9,651.43,488.57,214.29,5.0,5954.3,2142.9,2.8542791000000003,1.0637581,122.21979999999988,-30.202464000000003,0.2136762,0.49839184
2142.9,651.43,488.57,214.29,5.0,5954.3,6964.3,2.9532969,1.1950768999999999,123.90010000000018,-21.024878,0.21448022,0.49323369
2142.9,651.43,488.57,214.29,5.0,8365.0,2142.9,2.8500339,1.0564241,122.22,-31.232953000000002,0.21356129999999998,0.49858682
2142.9,651.43,488.57,214.29,5.0,8365.0,6964.3,2.9515236000000002,1.1880687,123.69010000000058,-21.314891,0.2145371,0.49357106
2142.9,651.43,488.57,214.29,7.0,0.0,2142.9,1.4435858,7.0962009,,-2.4644402999999997,0.06566617799999999,0.2118902
2142.9,651.43,488.57,214.29,7.0,1132.8,2142.9,2.9142691000000003,1.0447982,122.21999999999954,-33.187791,0.21654719,0.49978338
2142.9,651.43,488.57,214.29,7.0,3543.5,2142.9,2.9187764,1.1530003,123.05969999999976,-22.967038,0.21654844,0.49896654
2142.9,651.43,488.57,214.29,7.0,5954.3,2142.9,2.9136576,1.1606665,123.05999999999972,-22.573247,0.21632365,0.49881883
2142.9,162.86,214.29,214.29,3.0,5954.3,6964.3,2.7523551,1.6563318,119.69989999999964,-12.143177,0.19433395,0.46290733
2142.9,651.43,488.57,214.29,7.0,8365.0,2142.9,2.9082665,1.1683747,122.85000000000012,-22.197151,0.21602818,0.49866499
6964.3,162.86,77.143,696.43,3.0,0.0,2142.9,-5.6543779999999995,4.3878892,32.759900000000286,-4.0297893,0.0373827,0.31166004
6964.3,162.86,77.143,696.43,3.0,0.0,6964.3,2.9106906,3.8817072,,-4.5784376,0.14220841,0.33229603
6964.3,162.86,77.143,696.43,3.0,1132.8,2142.9,3.2385389,1.1080940000000001,122.43009999999987,-25.801766,0.22953846,0.49795289
6964.3,162.86,77.143,696.43,3.0,1132.8,6964.3,3.2236186,1.6632076,119.4898999999996,-12.075111,0.21799524,0.47457872
6964.3,162.86,77.143,696.43,3.0,3543.5,2142.9,3.137923,1.1204798,123.68990000000002,-24.910395,0.22621563,0.49925146
6964.3,162.86,77.143,696.43,3.0,3543.5,6964.3,3.163655,1.5759778999999998,124.52989999999974,-13.010726,0.21815314,0.48016954
2142.9,162.86,214.29,214.29,3.0,5954.3,11786.0,2.9100965,1.4495011,123.47989999999997,-14.726937,0.21100327,0.48752132
2142.9,162.86,214.29,214.29,3.0,5954.3,16607.0,2.9471217,1.7652244,113.1899999999999,-11.158831,0.21425727,0.49246348
6964.3,162.86,214.29,696.43,3.0,3543.5,6964.3,3.0890765,1.600541,123.05999999999972,-12.730421,0.21410761,0.47866790000000004
6964.3,162.86,351.43,696.43,3.0,0.0,2142.9,-5.5198918,4.1835199,38.85009999999944,-4.2343437,0.038807233999999996,0.32079175
6964.3,162.86,351.43,696.43,3.0,0.0,6964.3,2.8023912999999996,4.1063728,,-4.317179,0.13407667,0.32144022
2142.9,162.86,214.29,214.29,3.0,8365.0,2142.9,2.8464009,1.2423992,122.43009999999987,-19.323635999999997,0.21250439,0.49660781
2142.9,162.86,77.143,214.29,3.0,1132.8,6964.3,2.8035113,1.7235328999999997,115.70999999999998,-11.513487,0.19390988,0.45779678
2142.9,162.86,214.29,214.29,3.0,8365.0,6964.3,2.7509222,1.6464107,120.3297999999995,-12.242974,0.19457022,0.46365486
6964.3,162.86,488.57,696.43,3.0,1132.8,2142.9,3.2081774,1.3766661,123.27000000000021,-16.000232,0.22470149,0.49083927
6964.3,162.86,488.57,696.43,3.0,1132.8,6964.3,3.1720136,1.7786628,112.7701000000001,-11.049729,0.21183446,0.46686781
2142.9,162.86,214.29,214.29,3.0,8365.0,11786.0,2.90766,1.4576863000000002,123.47980000000058,-14.59917,0.21067548,0.48708532
6964.3,325.71,77.143,696.43,3.0,0.0,6964.3,2.9547012,3.8569957,,-4.6091628,0.14406183,0.333514
2142.9,162.86,214.29,214.29,3.0,8365.0,16607.0,2.9376563,1.7124849999999998,116.1298999999998,-11.611832000000001,0.21379036,0.4923584
2142.9,162.86,214.29,214.29,3.0,10776.0,2142.9,2.8433304,1.2427941999999998,122.43009999999987,-19.311023000000002,0.21220995,0.4965968
2142.9,162.86,214.29,214.29,3.0,10776.0,6964.3,2.7486297000000004,1.6470497,120.11999999999956,-12.23649,0.19436358,0.46360335
2142.9,162.86,214.29,214.29,3.0,10776.0,11786.0,2.906309,1.4582342,123.26980000000054,-14.590714000000002,0.21055398,0.48705772
2142.9,162.86,214.29,214.29,3.0,10776.0,16607.0,2.9678837000000002,1.37059,122.64010000000081,-16.119256,0.21466275,0.49278081
2142.9,162.86,214.29,214.29,5.0,0.0,2142.9,1.2462955,7.590241099999999,,-2.3020808999999995,0.059958085,0.20142494
2142.9,162.86,214.29,214.29,5.0,0.0,6964.3,1.3305206,7.9012383,,-2.2104682999999996,0.058545187,0.19489148
2142.9,162.86,214.29,214.29,5.0,1132.8,2142.9,2.8186372000000004,1.1861747999999999,121.37989999999999,-21.395278,0.21003840000000001,0.49373453
2142.9,162.86,77.143,214.29,3.0,1132.8,11786.0,2.9573312,1.4367477,123.48010000000009,-14.931598999999999,0.21318046,0.48819118
2142.9,162.86,214.29,214.29,5.0,1132.8,6964.3,2.8628445,1.7062529,116.75979999999964,-11.668161999999999,0.19559176,0.45909955
2142.9,162.86,214.29,214.29,5.0,3543.5,2142.9,2.8311531000000003,1.0687497,122.21999999999954,-29.568740999999996,0.21264277,0.49825331
2142.9,162.86,214.29,214.29,5.0,3543.5,6964.3,2.876488,1.6231984,121.38009999999966,-12.484096000000001,0.19899404,0.46539198
2142.9,162.86,214.29,214.29,5.0,5954.3,2142.9,2.8254048,1.0611464,122.01019999999963,-30.554757000000002,0.21252567,0.49847127
2142.9,162.86,214.29,214.29,5.0,5954.3,6964.3,2.8740808999999996,1.6191061000000002,121.3801000000001,-12.52776,0.19908106,0.46569861
2142.9,162.86,214.29,214.29,5.0,8365.0,2142.9,2.8194222,1.0534278,122.00999999999995,-31.694235,0.21234716,0.49867296
2142.9,162.86,214.29,214.29,5.0,8365.0,6964.3,2.8727117,1.6094104999999999,121.38009999999922,-12.632649,0.1993344,0.46642192
2142.9,162.86,214.29,214.29,5.0,10776.0,2142.9,2.8150776,1.0526389999999999,121.80009999999974,-31.820096999999997,0.21208112,0.49869037
2142.9,162.86,214.29,214.29,5.0,10776.0,6964.3,2.8685674,1.6092189,121.38009999999922,-12.634742999999999,0.19924566,0.46643192
2142.9,162.86,214.29,214.29,7.0,0.0,2142.9,1.4527066000000002,6.919600999999999,,-2.5282177000000003,0.06715860900000001,0.2159132
2142.9,162.86,77.143,214.29,3.0,1132.8,16607.0,2.1963772,2.1041151,88.41010000000038,-8.9784692,0.17868469,0.48595617
2142.9,162.86,214.29,214.29,7.0,1132.8,2142.9,2.8914359,1.0482935,122.22009999999983,-32.550067,0.21561339,0.49978702
2142.9,162.86,214.29,214.29,7.0,3543.5,2142.9,2.8947199,1.1573203,122.8498999999994,-22.742595,0.21552752,0.49888134
2142.9,162.86,214.29,214.29,7.0,5954.3,2142.9,2.8879675,1.1661468000000001,122.84999999999968,-22.303918,0.21522316,0.4987045
2142.9,162.86,214.29,214.29,7.0,8365.0,2142.9,2.8812507999999997,1.1743993000000001,122.84999999999968,-21.915891000000002,0.21487909,0.49853252
2142.9,162.86,214.29,214.29,7.0,10776.0,2142.9,2.8751048,1.1756678,122.64019999999931,-21.858010999999998,0.21463757,0.49850665
2142.9,162.86,351.43,214.29,3.0,0.0,2142.9,2.74422,1.3547997999999999,111.9301000000008,-16.439413000000002,0.20249752,0.48494137
2142.9,162.86,351.43,214.29,3.0,0.0,6964.3,1.3970155,7.3930253,,-2.364242,0.06301215,0.20501468
2142.9,162.86,351.43,214.29,3.0,0.0,11786.0,2.8956063999999997,1.7194351000000003,115.70979999999986,-11.549741000000001,0.20300896,0.47097431
2142.9,162.86,351.43,214.29,3.0,0.0,16607.0,2.5146722,2.5577397,75.59990000000028,-7.1735855,0.18902746,0.47959546
2142.9,162.86,351.43,214.29,3.0,1132.8,2142.9,2.8502451,1.1748878,122.22009999999983,-21.893547,0.21349244,0.4984662
2142.9,162.86,77.143,214.29,3.0,3543.5,2142.9,2.9109257,1.2214851999999998,122.43000000000004,-20.025975,0.21554193,0.49724012
2142.9,162.86,351.43,214.29,3.0,1132.8,6964.3,2.8065109,1.3573414,123.90010000000062,-16.386784,0.20541558,0.48405432
2142.9,162.86,351.43,214.29,3.0,1132.8,11786.0,2.9079725,1.4413573,123.48010000000009,-14.85682,0.21105333,0.4879621
2142.9,162.86,351.43,214.29,3.0,1132.8,16607.0,2.7068711,2.0837235,97.01989999999982,-9.0831391,0.20301986,0.49280233
2142.9,162.86,351.43,214.29,3.0,3543.5,2142.9,2.8525153999999997,1.2259414,122.6399000000007,-19.870358,0.21301858,0.49711702
2142.9,162.86,351.43,214.29,3.0,3543.5,6964.3,2.8163557999999997,1.282437,124.52989999999974,-18.149544,0.20788124,0.48859707
2142.9,162.86,351.43,214.29,3.0,3543.5,11786.0,2.9098902,1.4460289,123.48010000000099,-14.781972,0.21105125,0.48770739
2142.9,162.86,351.43,214.29,3.0,3543.5,16607.0,2.8465877999999996,1.9015285,106.04999999999976,-10.152948,0.20962236,0.49261534
2142.9,162.86,351.43,214.29,3.0,5954.3,2142.9,2.8483304,1.2342619,122.42980000000037,-19.588648000000003,0.21273505,0.49686259
2142.9,162.86,351.43,214.29,3.0,5954.3,6964.3,2.8140909,1.2788416999999999,124.32000000000043,-18.247128,0.2079098,0.48880309
2142.9,162.86,351.43,214.29,5.0,8365.0,2142.9,2.8199605,1.0533496,122.00999999999995,-31.706634,0.21236694,0.49867199
