Wm,W0m,dm,tm,cols,La,Wa,vswr,bandwidth,s,pr,p0
4285.7,162.86,162.86,428.57,1.0,0.0,2142.9,1.9715966,77.0698000000003,-9.7100776,0.14497833,0.45160291
4285.7,162.86,162.86,428.57,1.0,0.0,2142.9,1.9715967,77.0698000000003,-9.7100769,0.14497831,0.45160291
4285.7,162.86,488.57,428.57,1.0,0.0,2142.9,11.187646,,-1.5569196,0.026697987000000003,0.14729203
4285.7,162.86,488.57,428.57,1.0,0.0,5000.0,1.2323475,118.65019999999937,-19.652475,0.21826274,0.49681045
4285.7,162.86,488.57,428.57,1.0,0.0,5624.2,1.1661125,119.0699999999998,-22.305574,0.21863372,0.49849373
4285.7,162.86,488.57,428.57,1.0,0.0,2142.9,11.187656,,-1.5569182,0.026697991,0.14729196
4285.7,162.86,488.57,428.57,1.0,0.0,5000.0,1.2323475,118.65019999999937,-19.652475,0.21826273,0.49681045
4285.7,162.86,488.57,428.57,1.0,0.0,5624.2,1.1661125,119.0699999999998,-22.305573000000003,0.21863373,0.49849373
4285.7,162.86,488.57,428.57,1.0,0.0,2142.9,11.187657000000002,,-1.5569181,0.026697987000000003,0.14729196
4285.7,162.86,488.57,428.57,1.0,0.0,5000.0,1.2323475,118.65019999999937,-19.652475,0.21826274,0.49681045
4285.7,162.86,488.57,428.57,1.0,0.0,5624.2,1.1661125,119.0699999999998,-22.305573000000003,0.21863372,0.49849373
4285.7,162.86,488.57,428.57,1.0,0.0,2142.9,11.187636999999999,,-1.5569208,0.026697982000000002,0.14729213
4285.7,162.86,162.86,428.57,1.0,0.0,5000.0,1.2522901000000002,119.69990000000008,-19.014482,0.21289877,0.49621829
4285.7,162.86,488.57,428.57,1.0,0.0,5000.0,1.2323475,118.65019999999937,-19.652476,0.21826274,0.49681045
4285.7,162.86,488.57,428.57,1.0,0.0,5624.2,1.1661125,119.0699999999998,-22.305573000000003,0.21863373,0.49849373
4285.7,162.86,488.57,428.57,1.0,0.0,2142.9,11.187646,,-1.5569196,0.026697982000000002,0.14729206
4285.7,162.86,488.57,428.57,1.0,0.0,5000.0,1.2323475,118.65019999999937,-19.652476,0.21826274,0.49681045
4285.7,162.86,488.57,428.57,1.0,0.0,5624.2,1.1661126,119.0699999999998,-22.305571,0.21863371,0.49849373
4285.7,162.86,488.57,428.57,3.0,-10714.0,2142.9,15.686985,,-1.1089045,0.013716456,0.11050869
4285.7,162.86,488.57,428.57,3.0,-10714.0,5000.0,1.3458288,117.1799,-16.628703,0.21588677,0.49247516
4285.7,162.86,488.57,428.57,3.0,-10714.0,5624.2,1.2718718,117.3899000000005,-18.440394,0.21684936,0.49545223
4285.7,162.86,488.57,428.57,5.0,-21429.0,2142.9,15.663806,,-1.1105497,0.015012599,0.11057292
4285.7,162.86,488.57,428.57,5.0,-21429.0,5000.0,1.3442265,116.97010000000007,-16.663106,0.2158913,0.49259115
4285.7,162.86,162.86,428.57,1.0,0.0,5624.2,1.1799326,120.12029999999996,-21.666663,0.21367878,0.49830113
4285.7,162.86,488.57,428.57,5.0,-21429.0,5624.2,1.2701773,117.59990000000053,-18.488219,0.21682848,0.49554879
4285.7,325.71,162.86,428.57,1.0,0.0,2142.9,9.1764869,,-1.9006226000000002,0.012202847,0.17781603
4285.7,325.71,162.86,428.57,1.0,0.0,5000.0,1.2427431,119.69999999999992,-19.312652,0.21312864,0.49652533
4285.7,325.71,162.86,428.57,1.0,0.0,5624.2,1.1756965,120.12029999999952,-21.856703,0.21379740000000003,0.49839301
4285.7,325.71,162.86,428.57,1.0,0.0,2142.9,9.1764838,,-1.9006233000000001,0.012202843,0.17781609
4285.7,325.71,162.86,428.57,1.0,0.0,5000.0,1.2427431,119.69999999999992,-19.312652,0.21312865,0.49652533
4285.7,325.71,162.86,428.57,1.0,0.0,5624.2,1.1756965,120.12029999999952,-21.856703,0.21379740000000003,0.49839301
4285.7,325.71,162.86,428.57,1.0,0.0,2142.9,9.176480699999999,,-1.9006238999999998,0.012202843,0.17781612
4285.7,325.71,162.86,428.57,1.0,0.0,5000.0,1.2427431,119.69999999999992,-19.312652,0.21312865,0.49652533
4285.7,325.71,162.86,428.57,1.0,0.0,5624.2,1.1756966,120.12029999999952,-21.856699,0.21379739,0.49839301
4285.7,162.86,162.86,428.57,1.0,0.0,2142.9,1.971597,77.0698000000003,-9.710075,0.14497831,0.45160289
4285.7,325.71,162.86,428.57,1.0,0.0,2142.9,9.1764835,,-1.9006234,0.012202848999999998,0.17781607
4285.7,325.71,162.86,428.57,1.0,0.0,5000.0,1.2427431,119.69999999999992,-19.312653,0.21312865,0.49652533
4285.7,325.71,162.86,428.57,1.0,0.0,5624.2,1.1756965,120.12029999999952,-21.856702,0.21379740000000003,0.49839301
4285.7,325.71,162.86,428.57,1.0,0.0,2142.9,9.1764835,,-1.9006234,0.012202845,0.17781606
4285.7,325.71,162.86,428.57,1.0,0.0,5000.0,1.2427431,119.69999999999992,-19.312653,0.21312865,0.49652533
4285.7,325.71,162.86,428.57,1.0,0.0,5624.2,1.1756966,120.12029999999952,-21.856701,0.21379739,0.49839301
4285.7,325.71,162.86,428.57,1.0,0.0,2142.9,9.1764894,,-1.9006221999999997,0.012202851,0.177816
4285.7,325.71,162.86,428.57,1.0,0.0,5000.0,1.2427431,119.69999999999992,-19.312653,0.21312865,0.49652533
4285.7,325.71,162.86,428.57,1.0,0.0,5624.2,1.1756966,120.12029999999952,-21.856699,0.21379739,0.49839301
4285.7,325.71,162.86,428.57,1.0,0.0,2142.9,9.176492800000002,,-1.9006215,0.012202847,0.17781596
4285.7,162.86,162.86,428.57,1.0,0.0,5000.0,1.2522901000000002,119.69990000000008,-19.014482,0.21289877,0.49621829
4285.7,325.71,162.86,428.57,1.0,0.0,5000.0,1.2427431,119.69999999999992,-19.312653,0.21312866,0.49652533
4285.7,325.71,162.86,428.57,1.0,0.0,5624.2,1.1756966,120.12029999999952,-21.856701,0.21379739,0.49839301
4285.7,325.71,162.86,428.57,1.0,0.0,2142.9,9.176486599999999,,-1.9006227999999998,0.012202846000000002,0.17781606
4285.7,325.71,162.86,428.57,1.0,0.0,5000.0,1.2427431,119.69999999999992,-19.312652,0.21312865,0.49652533
4285.7,325.71,162.86,428.57,1.0,0.0,5624.2,1.1756966,120.12029999999952,-21.8567,0.21379739,0.49839301
4285.7,325.71,162.86,428.57,3.0,-10714.0,2142.9,14.996866,,-1.1600821000000001,0.0019081935,0.11615158
4285.7,325.71,162.86,428.57,3.0,-10714.0,5000.0,1.3556122,122.64010000000081,-16.422543,0.20976588,0.49216409
4285.7,325.71,162.86,428.57,3.0,-10714.0,5624.2,1.2873427,121.59010000000059,-18.018621,0.2112458,0.49506034
4285.7,325.71,162.86,428.57,5.0,-21429.0,2142.9,15.145279,,-1.1486809,0.0020892395000000003,0.11508519
4285.7,325.71,162.86,428.57,5.0,-21429.0,5000.0,1.3553793,122.00990000000056,-16.427373,0.20979592,0.49224937
4285.7,162.86,162.86,428.57,1.0,0.0,5624.2,1.1799327,120.12029999999996,-21.666660999999998,0.21367876,0.49830113
4285.7,325.71,162.86,428.57,5.0,-21429.0,5624.2,1.2865796,121.3801000000001,-18.038821,0.21121816,0.49514825
4285.7,325.71,271.43,428.57,1.0,0.0,2142.9,10.8608,,-1.6040364,0.027657532999999998,0.15108662
4285.7,325.71,271.43,428.57,1.0,0.0,5000.0,1.2394498999999999,119.49000000000032,-19.418534,0.21684531,0.49659986
4285.7,325.71,271.43,428.57,1.0,0.0,5624.2,1.1713761999999999,119.69999999999992,-22.055692999999998,0.21737785,0.49844007
4285.7,325.71,271.43,428.57,1.0,0.0,2142.9,10.86079,,-1.6040383,0.027657532999999998,0.15108674
4285.7,325.71,271.43,428.57,1.0,0.0,5000.0,1.2394498999999999,119.49000000000032,-19.418535000000002,0.21684531,0.49659986
4285.7,325.71,271.43,428.57,1.0,0.0,5624.2,1.1713761999999999,119.69999999999992,-22.055691,0.21737785,0.49844007
4285.7,325.71,271.43,428.57,1.0,0.0,2142.9,10.860795,,-1.6040371,0.027657538,0.15108668
4285.7,325.71,271.43,428.57,1.0,0.0,5000.0,1.2394498999999999,119.49000000000032,-19.418533,0.21684531,0.49659986
4285.7,325.71,271.43,428.57,1.0,0.0,5624.2,1.1713761999999999,119.69999999999992,-22.055691,0.21737785,0.49844006
4285.7,162.86,162.86,428.57,1.0,0.0,2142.9,1.9715965,77.0698000000003,-9.7100778,0.14497829999999998,0.45160292
4285.7,325.71,271.43,428.57,1.0,0.0,2142.9,10.860795,,-1.6040376,0.027657531000000003,0.15108668
4285.7,325.71,271.43,428.57,1.0,0.0,5000.0,1.2394498999999999,119.49000000000032,-19.418534,0.2168453,0.49659986
4285.7,325.71,271.43,428.57,1.0,0.0,5624.2,1.1713761999999999,119.69999999999992,-22.055692999999998,0.21737785,0.49844007
4285.7,325.71,271.43,428.57,1.0,0.0,2142.9,10.860795,,-1.6040376,0.027657532999999998,0.15108669
4285.7,325.71,271.43,428.57,1.0,0.0,5000.0,1.2394498999999999,119.49000000000032,-19.418535000000002,0.21684532,0.49659986
4285.7,325.71,271.43,428.57,1.0,0.0,5624.2,1.1713761999999999,119.69999999999992,-22.055692,0.21737785,0.49844007
4285.7,325.71,271.43,428.57,1.0,0.0,2142.9,10.8608,,-1.6040364,0.027657538,0.15108663
4285.7,325.71,271.43,428.57,1.0,0.0,5000.0,1.2394498,119.49000000000032,-19.418536,0.21684531,0.49659986
4285.7,325.71,271.43,428.57,1.0,0.0,5624.2,1.1713763000000001,119.69999999999992,-22.055688,0.21737783,0.49844006
4285.7,325.71,271.43,428.57,1.0,0.0,2142.9,10.860795,,-1.6040371,0.027657537000000003,0.15108669
4285.7,162.86,162.86,428.57,1.0,0.0,5000.0,1.2522902,119.69990000000008,-19.014478,0.21289875,0.49621829
4285.7,325.71,271.43,428.57,1.0,0.0,5000.0,1.2394498999999999,119.49000000000032,-19.418535000000002,0.21684532,0.49659986
4285.7,325.71,271.43,428.57,1.0,0.0,5624.2,1.1713761999999999,119.69999999999992,-22.05569,0.21737785,0.49844006
4285.7,325.71,271.43,428.57,1.0,0.0,2142.9,10.860795,,-1.6040371,0.027657532999999998,0.15108667
4285.7,325.71,271.43,428.57,1.0,0.0,5000.0,1.2394498999999999,119.49000000000032,-19.418534,0.21684531,0.49659986
4285.7,325.71,271.43,428.57,1.0,0.0,5624.2,1.1713763000000001,119.69999999999992,-22.055688,0.21737784,0.49844006
4285.7,325.71,271.43,428.57,3.0,-10714.0,2142.9,15.388124,,-1.1305016,0.016284078,0.11229137
4285.7,325.71,271.43,428.57,3.0,-10714.0,5000.0,1.3802956,120.32980000000038,-15.930192000000002,0.21353144,0.49103126
4285.7,325.71,271.43,428.57,3.0,-10714.0,5624.2,1.303505,120.5399000000007,-17.604467,0.21475104,0.49442944
4285.7,325.71,271.43,428.57,5.0,-21429.0,2142.9,15.244317,,-1.1411966999999998,0.017012855,0.11316561
4285.7,325.71,271.43,428.57,5.0,-21429.0,5000.0,1.3787336000000001,120.54009999999992,-15.960239999999999,0.21357388,0.491159
4285.7,162.86,162.86,428.57,1.0,0.0,5624.2,1.1799326,120.12029999999996,-21.666663,0.21367877,0.49830113
4285.7,325.71,271.43,428.57,5.0,-21429.0,5624.2,1.3019581,120.7499000000003,-17.643014,0.21474471,0.49453450000000004
4285.7,325.71,380.0,428.57,1.0,0.0,2142.9,9.6445886,,-1.8076911,0.03909637,0.16618681
4285.7,325.71,380.0,428.57,1.0,0.0,5000.0,1.2344855,119.06979999999967,-19.581232,0.21936367,0.49670523
4285.7,325.71,380.0,428.57,1.0,0.0,5624.2,1.1673855,119.69989999999964,-22.244369,0.21986295,0.49846648
4285.7,325.71,380.0,428.57,1.0,0.0,2142.9,9.6445911,,-1.8076907,0.039096369,0.16618675
4285.7,325.71,380.0,428.57,1.0,0.0,5000.0,1.2344855,119.06979999999967,-19.581232,0.21936367,0.49670523
4285.7,325.71,380.0,428.57,1.0,0.0,5624.2,1.1673854,119.69989999999964,-22.244370999999997,0.21986296,0.49846648
4285.7,325.71,380.0,428.57,1.0,0.0,2142.9,9.644594900000001,,-1.8076900000000002,0.039096373999999996,0.16618670000000002
4285.7,325.71,380.0,428.57,1.0,0.0,5000.0,1.2344855,119.06979999999967,-19.581229,0.21936366,0.49670522
4285.7,325.71,380.0,428.57,1.0,0.0,5624.2,1.1673854,119.69989999999964,-22.244370999999997,0.21986297,0.49846648
4285.7,162.86,162.86,428.57,1.0,0.0,2142.9,1.9715965,77.0698000000003,-9.7100778,0.14497831,0.45160291
4285.7,325.71,380.0,428.57,1.0,0.0,2142.9,9.6445886,,-1.8076911,0.039096368,0.16618681
4285.7,325.71,380.0,428.57,1.0,0.0,5000.0,1.2344855,119.06979999999967,-19.581232,0.21936367,0.49670523
4285.7,325.71,380.0,428.57,1.0,0.0,5624.2,1.1673854,119.69989999999964,-22.244370999999997,0.21986297,0.49846648
4285.7,325.71,380.0,428.57,1.0,0.0,2142.9,9.644594900000001,,-1.8076900000000002,0.03909637,0.16618673
4285.7,325.71,380.0,428.57,1.0,0.0,5000.0,1.2344855,119.06979999999967,-19.581231,0.21936367,0.49670522
4285.7,325.71,380.0,428.57,1.0,0.0,5624.2,1.1673854,119.69989999999964,-22.24437,0.21986297,0.49846648
4285.7,325.71,380.0,428.57,1.0,0.0,2142.9,9.644590199999998,,-1.8076908999999999,0.039096368,0.16618679
4285.7,325.71,380.0,428.57,1.0,0.0,5000.0,1.2344855,119.06979999999967,-19.581231,0.21936368,0.49670522
4285.7,325.71,380.0,428.57,1.0,0.0,5624.2,1.1673854,119.69989999999964,-22.244370999999997,0.21986297,0.49846648
4285.7,325.71,380.0,428.57,1.0,0.0,2142.9,9.644594900000001,,-1.8076900000000002,0.039096371,0.16618669
4285.7,162.86,162.86,428.57,1.0,0.0,5000.0,1.2522901000000002,119.69990000000008,-19.014481,0.21289877,0.49621829
4285.7,162.86,162.86,428.57,1.0,0.0,5000.0,1.2522902,119.69990000000008,-19.014479,0.21289875,0.49621829
4285.7,325.71,380.0,428.57,1.0,0.0,5000.0,1.2344855,119.06979999999967,-19.581231,0.21936368,0.49670522
4285.7,325.71,380.0,428.57,1.0,0.0,5624.2,1.1673854,119.69989999999964,-22.244370999999997,0.21986296,0.49846648
4285.7,325.71,380.0,428.57,1.0,0.0,2142.9,9.644599000000001,,-1.8076894000000001,0.039096373,0.16618668
4285.7,325.71,380.0,428.57,1.0,0.0,5000.0,1.2344855,119.06979999999967,-19.581231,0.21936366,0.49670523
4285.7,325.71,380.0,428.57,1.0,0.0,5624.2,1.1673854,119.69989999999964,-22.24437,0.21986297,0.49846648
4285.7,325.71,380.0,428.57,3.0,-10714.0,2142.9,14.792831,,-1.1761312,0.019835377,0.11615133
4285.7,325.71,380.0,428.57,3.0,-10714.0,5000.0,1.3819379999999999,118.6497000000002,-15.898751,0.21201896,0.49081245
4285.7,325.71,380.0,428.57,3.0,-10714.0,5624.2,1.3050524,119.06980000000055,-17.566128,0.21323529,0.49423001
4285.7,325.71,380.0,428.57,5.0,-21429.0,2142.9,14.615224,,-1.1904687,0.020426832,0.11733686
4285.7,325.71,380.0,428.57,5.0,-21429.0,5000.0,1.3802016000000001,118.6497000000002,-15.931995,0.21205162,0.49094407
4285.7,162.86,162.86,428.57,1.0,0.0,5624.2,1.1799326,120.12029999999996,-21.666663,0.21367877,0.49830113
4285.7,325.71,380.0,428.57,5.0,-21429.0,5624.2,1.3033008999999998,118.86000000000064,-17.609539,0.21322879,0.49433953
4285.7,325.71,488.57,428.57,1.0,0.0,2142.9,9.2587484,,-1.8836028999999999,0.043313845,0.17146929
4285.7,325.71,488.57,428.57,1.0,0.0,5000.0,1.2309707,118.6499999999997,-19.698739,0.22079885,0.49683005
4285.7,325.71,488.57,428.57,1.0,0.0,5624.2,1.1650337,119.28009999999966,-22.357843,0.22123851,0.49848814
4285.7,325.71,488.57,428.57,1.0,0.0,2142.9,9.258752000000001,,-1.8836022000000001,0.043313849,0.17146925
4285.7,325.71,488.57,428.57,1.0,0.0,5000.0,1.2309707,118.6499999999997,-19.698739,0.22079886,0.49683005
4285.7,325.71,488.57,428.57,1.0,0.0,5624.2,1.1650336000000001,119.28009999999966,-22.357845,0.22123852,0.49848814
4285.7,325.71,488.57,428.57,1.0,0.0,2142.9,9.2587404,,-1.8836045,0.043313843,0.17146941
4285.7,325.71,488.57,428.57,1.0,0.0,5000.0,1.2309708000000001,118.6499999999997,-19.698738,0.22079883,0.49683005
4285.7,325.71,488.57,428.57,1.0,0.0,5624.2,1.1650336000000001,119.28009999999966,-22.357846,0.22123851,0.49848814
4285.7,162.86,162.86,428.57,1.0,0.0,2142.9,1.9715968000000001,77.0698000000003,-9.7100758,0.14497831,0.45160290000000003
4285.7,325.71,488.57,428.57,1.0,0.0,2142.9,9.2587466,,-1.8836032,0.043313845,0.1714693
4285.7,325.71,488.57,428.57,1.0,0.0,5000.0,1.2309707,118.6499999999997,-19.698738,0.22079885,0.49683005
4285.7,325.71,488.57,428.57,1.0,0.0,5624.2,1.1650337,119.28009999999966,-22.357842,0.22123851,0.49848814
4285.7,325.71,488.57,428.57,1.0,0.0,2142.9,9.2587404,,-1.8836045,0.043313841,0.1714694
4285.7,325.71,488.57,428.57,1.0,0.0,5000.0,1.2309708000000001,118.6499999999997,-19.698738,0.22079885,0.49683005
4285.7,325.71,488.57,428.57,1.0,0.0,5624.2,1.1650336000000001,119.28009999999966,-22.357844,0.22123853,0.49848814
4285.7,325.71,488.57,428.57,1.0,0.0,2142.9,9.2587404,,-1.8836043999999998,0.04331383900000001,0.17146939
4285.7,325.71,488.57,428.57,1.0,0.0,5000.0,1.2309707,118.6499999999997,-19.698739,0.22079886,0.49683005
4285.7,325.71,488.57,428.57,1.0,0.0,5624.2,1.1650336000000001,119.28009999999966,-22.357848,0.22123852,0.49848815
4285.7,325.71,488.57,428.57,1.0,0.0,2142.9,9.2587429,,-1.883604,0.043313847,0.17146936
4285.7,162.86,162.86,428.57,1.0,0.0,5000.0,1.2522901000000002,119.69990000000008,-19.014482,0.21289877,0.49621829
4285.7,325.71,488.57,428.57,1.0,0.0,5000.0,1.2309707,118.6499999999997,-19.698739,0.22079884,0.49683005
4285.7,325.71,488.57,428.57,1.0,0.0,5624.2,1.1650336000000001,119.28009999999966,-22.357847,0.22123852,0.49848814
4285.7,325.71,488.57,428.57,1.0,0.0,2142.9,9.258744,,-1.8836037,0.04331384,0.17146933
4285.7,325.71,488.57,428.57,1.0,0.0,5000.0,1.2309708000000001,118.6499999999997,-19.698738,0.22079884,0.49683005
4285.7,325.71,488.57,428.57,1.0,0.0,5624.2,1.1650336000000001,119.28009999999966,-22.357844,0.22123852,0.49848814
4285.7,325.71,488.57,428.57,3.0,-10714.0,2142.9,14.659912,,-1.1868284,0.021601975,0.11695165
4285.7,325.71,488.57,428.57,3.0,-10714.0,5000.0,1.3449988000000002,117.17989999999956,-16.646501,0.21842127,0.49249319
4285.7,325.71,488.57,428.57,3.0,-10714.0,5624.2,1.2705621999999999,117.59990000000053,-18.477325,0.21943981,0.49547804
4285.7,325.71,488.57,428.57,5.0,-21429.0,2142.9,14.481109,,-1.2015291000000001,0.02218512,0.11816346
4285.7,325.71,488.57,428.57,5.0,-21429.0,5000.0,1.343251,117.17989999999956,-16.68414,0.21842503,0.49261493
4285.7,162.86,162.86,428.57,1.0,0.0,5624.2,1.1799326,120.12029999999996,-21.666664,0.21367876,0.49830113
4285.7,325.71,488.57,428.57,5.0,-21429.0,5624.2,1.2687856000000002,117.59990000000009,-18.527749,0.21941372,0.49557688
4285.7,488.57,162.86,428.57,1.0,0.0,2142.9,11.926994,,-1.4599369,0.0025993168,0.14213619
4285.7,488.57,162.86,428.57,1.0,0.0,5000.0,1.2445794,119.69999999999992,-19.254303,0.21327775,0.49647217
4285.7,488.57,162.86,428.57,1.0,0.0,5624.2,1.1764431,120.11979999999988,-21.822854,0.21387015,0.49837967
4285.7,488.57,162.86,428.57,1.0,0.0,2142.9,11.927003,,-1.4599358,0.0025993163,0.14213611
4285.7,488.57,162.86,428.57,1.0,0.0,5000.0,1.2445793,119.69999999999992,-19.254305,0.21327775,0.49647218
4285.7,488.57,162.86,428.57,1.0,0.0,5624.2,1.1764431,120.11979999999988,-21.822855,0.21387016,0.49837967
4285.7,488.57,162.86,428.57,1.0,0.0,2142.9,11.927013,,-1.4599345,0.0025993162,0.14213601
4285.7,488.57,162.86,428.57,1.0,0.0,5000.0,1.2445794,119.69999999999992,-19.254303,0.21327774,0.49647217
4285.7,488.57,162.86,428.57,1.0,0.0,5624.2,1.1764431,120.11979999999988,-21.822855,0.21387017,0.49837967
4285.7,162.86,162.86,428.57,3.0,-10714.0,2142.9,1.7096764,45.990300000000595,-11.637141999999999,0.11424902,0.46668023
4285.7,488.57,162.86,428.57,1.0,0.0,2142.9,11.927013,,-1.4599345,0.0025993162,0.14213598
4285.7,488.57,162.86,428.57,1.0,0.0,5000.0,1.2445794,119.69999999999992,-19.254303,0.21327775,0.49647217
4285.7,488.57,162.86,428.57,1.0,0.0,5624.2,1.1764430000000001,120.11979999999988,-21.822855,0.21387016,0.49837967
4285.7,488.57,162.86,428.57,1.0,0.0,2142.9,11.926999,,-1.4599363,0.002599316,0.14213612
4285.7,488.57,162.86,428.57,1.0,0.0,5000.0,1.2445793,119.69999999999992,-19.254304,0.21327776,0.49647217
4285.7,488.57,162.86,428.57,1.0,0.0,5624.2,1.1764431,120.11979999999988,-21.822853,0.21387016,0.49837967
4285.7,488.57,162.86,428.57,1.0,0.0,2142.9,11.927004,,-1.4599357,0.0025993158,0.14213608
4285.7,488.57,162.86,428.57,1.0,0.0,5000.0,1.2445792,119.69999999999992,-19.254307,0.21327777,0.49647218
4285.7,488.57,162.86,428.57,1.0,0.0,5624.2,1.1764431,120.11979999999988,-21.822854,0.21387017,0.49837967
4285.7,488.57,162.86,428.57,1.0,0.0,2142.9,11.927003,,-1.4599358,0.0025993146,0.14213607
4285.7,162.86,162.86,428.57,3.0,-10714.0,5000.0,1.3826882999999999,120.33010000000033,-15.884441,0.20960682,0.49093106
4285.7,488.57,162.86,428.57,1.0,0.0,5000.0,1.2445794,119.69999999999992,-19.254303,0.21327775,0.49647217
4285.7,488.57,162.86,428.57,1.0,0.0,5624.2,1.1764430000000001,120.11979999999988,-21.822855,0.21387016,0.49837968
4285.7,488.57,162.86,428.57,1.0,0.0,2142.9,11.926998,,-1.4599364,0.0025993167,0.14213612
4285.7,488.57,162.86,428.57,1.0,0.0,5000.0,1.2445793,119.69999999999992,-19.254305,0.21327776,0.49647217
4285.7,488.57,162.86,428.57,1.0,0.0,5624.2,1.1764431,120.11979999999988,-21.822853,0.21387015,0.49837967
4285.7,488.57,162.86,428.57,3.0,-10714.0,2142.9,16.487609,,-1.054921,0.0047689606,0.10637723
4285.7,488.57,162.86,428.57,3.0,-10714.0,5000.0,1.3630858000000001,120.32979999999993,-16.269404,0.21046253,0.49184594
4285.7,488.57,162.86,428.57,3.0,-10714.0,5624.2,1.2907457,120.53989999999936,-17.929272,0.21159876,0.49494101
4285.7,488.57,162.86,428.57,5.0,-21429.0,2142.9,16.472483999999998,,-1.055892,0.0050553444,0.10641261
4285.7,488.57,162.86,428.57,5.0,-21429.0,5000.0,1.3622717,120.32979999999993,-16.285909,0.21045194,0.49195418
4285.7,162.86,162.86,428.57,3.0,-10714.0,5624.2,1.3001127000000001,120.7499000000003,-17.689294,0.21117097,0.49457881
4285.7,488.57,162.86,428.57,5.0,-21429.0,5624.2,1.289752,120.75019999999981,-17.955241,0.21156968,0.49503594
4285.7,488.57,271.43,428.57,1.0,0.0,2142.9,10.180095,,-1.7119665000000002,0.033341653,0.15917863
4285.7,488.57,271.43,428.57,1.0,0.0,5000.0,1.2396183,119.49000000000032,-19.413079,0.21684653,0.49659486
4285.7,488.57,271.43,428.57,1.0,0.0,5624.2,1.1714653,119.90979999999985,-22.051533,0.21736216,0.49843803
4285.7,488.57,271.43,428.57,1.0,0.0,2142.9,10.180086,,-1.7119681,0.033341655,0.1591787
4285.7,488.57,271.43,428.57,1.0,0.0,5000.0,1.2396184,119.49000000000032,-19.413078,0.21684653,0.49659486
4285.7,488.57,271.43,428.57,1.0,0.0,5624.2,1.1714653999999998,119.90979999999985,-22.05153,0.21736216,0.49843803
4285.7,488.57,271.43,428.57,1.0,0.0,2142.9,10.180099,,-1.7119659,0.033341662,0.15917859
4285.7,488.57,271.43,428.57,1.0,0.0,5000.0,1.2396184,119.49000000000032,-19.413076999999998,0.21684653,0.49659486
4285.7,488.57,271.43,428.57,1.0,0.0,5624.2,1.1714653,119.90979999999985,-22.051532,0.21736216,0.49843803
4285.7,162.86,162.86,428.57,5.0,-21429.0,2142.9,1.8554726000000001,44.10010000000008,-10.469438,0.10789697,0.45699799999999996
4285.7,488.57,271.43,428.57,1.0,0.0,2142.9,10.180091000000001,,-1.7119673,0.033341656000000004,0.15917867
4285.7,488.57,271.43,428.57,1.0,0.0,5000.0,1.2396183,119.49000000000032,-19.413079,0.21684655,0.49659486
4285.7,488.57,271.43,428.57,1.0,0.0,5624.2,1.1714653999999998,119.90979999999985,-22.051531,0.21736215,0.49843803
4285.7,488.57,271.43,428.57,1.0,0.0,2142.9,10.180099,,-1.7119659,0.03334166,0.15917857
4285.7,488.57,271.43,428.57,1.0,0.0,5000.0,1.2396184,119.49000000000032,-19.413076999999998,0.21684652,0.49659486
4285.7,488.57,271.43,428.57,1.0,0.0,5624.2,1.1714653,119.90979999999985,-22.051531,0.21736215,0.49843803
4285.7,488.57,271.43,428.57,1.0,0.0,2142.9,10.180095,,-1.7119665000000002,0.033341654,0.15917863
4285.7,488.57,271.43,428.57,1.0,0.0,5000.0,1.2396184,119.49000000000032,-19.413076999999998,0.21684653,0.49659486
4285.7,488.57,271.43,428.57,1.0,0.0,5624.2,1.1714653,119.90979999999985,-22.051533,0.21736216,0.49843803
4285.7,488.57,271.43,428.57,1.0,0.0,2142.9,10.180082,,-1.7119687,0.033341652,0.15917876
4285.7,162.86,162.86,428.57,5.0,-21429.0,5000.0,1.3818993,120.53990000000026,-15.89949,0.20935473,0.49103617
4285.7,488.57,271.43,428.57,1.0,0.0,5000.0,1.2396184,119.49000000000032,-19.413076999999998,0.21684653,0.49659486
4285.7,488.57,271.43,428.57,1.0,0.0,5624.2,1.1714653999999998,119.90979999999985,-22.051528,0.21736215,0.49843803
4285.7,488.57,271.43,428.57,1.0,0.0,2142.9,10.180091000000001,,-1.7119673,0.033341655,0.15917867
4285.7,488.57,271.43,428.57,1.0,0.0,5000.0,1.2396183,119.49000000000032,-19.413081,0.21684654,0.49659486
4285.7,488.57,271.43,428.57,1.0,0.0,5624.2,1.1714653,119.90979999999985,-22.051532,0.21736215,0.49843803
4285.7,488.57,271.43,428.57,3.0,-10714.0,2142.9,15.006748000000002,,-1.1593156,0.018673037,0.11469411
4285.7,488.57,271.43,428.57,3.0,-10714.0,5000.0,1.3808288999999998,120.32980000000038,-15.919965,0.21351502,0.49100627
4285.7,488.57,271.43,428.57,3.0,-10714.0,5624.2,1.3037648000000002,120.75000000000014,-17.598015,0.21474165,0.49441934
4285.7,488.57,271.43,428.57,5.0,-21429.0,2142.9,14.850813,,-1.1715255,0.019222027,0.11569851
4285.7,488.57,271.43,428.57,5.0,-21429.0,5000.0,1.3792437,120.54009999999992,-15.95041,0.21355007,0.49113509
4285.7,162.86,162.86,428.57,1.0,0.0,5624.2,1.1799326,120.12029999999996,-21.666662,0.21367878,0.49830113
4285.7,162.86,162.86,428.57,5.0,-21429.0,5624.2,1.2991527,120.75000000000014,-17.713497,0.21090495,0.49466964
4285.7,488.57,271.43,428.57,5.0,-21429.0,5624.2,1.3021986,120.7499000000003,-17.637007,0.21472804,0.49452507
4285.7,488.57,380.0,428.57,1.0,0.0,2142.9,9.1551573,,-1.9050862000000002,0.043605938,0.17319486
4285.7,488.57,380.0,428.57,1.0,0.0,5000.0,1.2344966999999998,119.06979999999967,-19.580858,0.21934446,0.496705
4285.7,488.57,380.0,428.57,1.0,0.0,5624.2,1.1673329,119.69989999999964,-22.246886,0.21985005,0.49846769999999996
4285.7,488.57,380.0,428.57,1.0,0.0,2142.9,9.1551574,,-1.9050862000000002,0.043605933,0.17319489999999998
4285.7,488.57,380.0,428.57,1.0,0.0,5000.0,1.2344968,119.06979999999967,-19.580856,0.21934444,0.496705
4285.7,488.57,380.0,428.57,1.0,0.0,5624.2,1.1673329,119.69989999999964,-22.246886,0.21985005,0.49846769999999996
4285.7,488.57,380.0,428.57,1.0,0.0,2142.9,9.1551609,,-1.9050855,0.043605930999999994,0.17319487
4285.7,488.57,380.0,428.57,1.0,0.0,5000.0,1.2344968,119.06979999999967,-19.580857,0.21934445,0.496705
4285.7,488.57,380.0,428.57,1.0,0.0,5624.2,1.1673329,119.69989999999964,-22.246883,0.21985004,0.49846769999999996
4285.7,162.86,271.43,428.57,1.0,0.0,2142.9,13.301875,,-1.3084331,0.0070535715,0.12830103
4285.7,488.57,380.0,428.57,1.0,0.0,2142.9,9.1551556,,-1.9050865000000001,0.043605932,0.17319492
4285.7,488.57,380.0,428.57,1.0,0.0,5000.0,1.2344968,119.06979999999967,-19.580856,0.21934445,0.496705
4285.7,488.57,380.0,428.57,1.0,0.0,5624.2,1.1673329,119.69989999999964,-22.246887,0.21985006,0.49846769999999996
4285.7,488.57,380.0,428.57,1.0,0.0,2142.9,9.1551653,,-1.9050846000000001,0.043605942,0.17319477
4285.7,488.57,380.0,428.57,1.0,0.0,5000.0,1.2344968,119.06979999999967,-19.580856,0.21934445,0.496705
4285.7,488.57,380.0,428.57,1.0,0.0,5624.2,1.1673329,119.69989999999964,-22.246887,0.21985006,0.49846769999999996
4285.7,488.57,380.0,428.57,1.0,0.0,2142.9,9.155152099999999,,-1.9050871999999999,0.04360593,0.17319495
4285.7,488.57,380.0,428.57,1.0,0.0,5000.0,1.2344968,119.06979999999967,-19.580857,0.21934445,0.496705
4285.7,488.57,380.0,428.57,1.0,0.0,5624.2,1.1673328,119.69989999999964,-22.246889000000003,0.21985006,0.49846769999999996
4285.7,488.57,380.0,428.57,1.0,0.0,2142.9,9.1551574,,-1.9050862000000002,0.043605934000000006,0.17319489
4285.7,162.86,271.43,428.57,1.0,0.0,5000.0,1.2389683,119.49000000000032,-19.434155,0.21684713,0.49661411
4285.7,488.57,380.0,428.57,1.0,0.0,5000.0,1.2344968,119.06979999999967,-19.580857,0.21934445,0.496705
4285.7,488.57,380.0,428.57,1.0,0.0,5624.2,1.1673329,119.69989999999964,-22.246886,0.21985005,0.49846769999999996
4285.7,488.57,380.0,428.57,1.0,0.0,2142.9,9.1551618,,-1.9050854,0.043605937000000004,0.17319484
4285.7,488.57,380.0,428.57,1.0,0.0,5000.0,1.2344968,119.06979999999967,-19.580855,0.21934444,0.496705
4285.7,488.57,380.0,428.57,1.0,0.0,5624.2,1.1673329,119.69989999999964,-22.246885,0.21985005,0.49846769999999996
4285.7,488.57,380.0,428.57,3.0,-10714.0,2142.9,14.398576,,-1.2084382,0.02154401,0.11886078
4285.7,488.57,380.0,428.57,3.0,-10714.0,5000.0,1.3821618999999998,118.6497000000002,-15.894478,0.21199795,0.49080201
4285.7,488.57,380.0,428.57,3.0,-10714.0,5624.2,1.3050895,119.06980000000055,-17.56521,0.21321699,0.49422844
4285.7,488.57,380.0,428.57,5.0,-21429.0,2142.9,14.241976999999999,,-1.2217694,0.02203573,0.11995334
4285.7,488.57,380.0,428.57,5.0,-21429.0,5000.0,1.3804007,118.6497000000002,-15.928175,0.21203146,0.49093482
4285.7,162.86,271.43,428.57,1.0,0.0,5624.2,1.1713996000000002,119.69999999999992,-22.054598000000002,0.21738112,0.49843892
4285.7,488.57,380.0,428.57,5.0,-21429.0,5624.2,1.3033278999999998,118.86000000000064,-17.608867,0.21322067,0.49433856
4285.7,488.57,488.57,428.57,1.0,0.0,2142.9,8.8263704,,-1.9766549999999998,0.047536849000000006,0.17804905
4285.7,488.57,488.57,428.57,1.0,0.0,5000.0,1.230947,118.6499999999997,-19.69954,0.22103961,0.49682866
4285.7,488.57,488.57,428.57,1.0,0.0,5624.2,1.1650023999999999,119.28009999999966,-22.359360000000002,0.22149706,0.49848603
4285.7,488.57,488.57,428.57,1.0,0.0,2142.9,8.8263695,,-1.9766550999999999,0.047536844,0.17804906
4285.7,488.57,488.57,428.57,1.0,0.0,5000.0,1.2309469,118.6499999999997,-19.699542,0.22103962,0.49682866
4285.7,488.57,488.57,428.57,1.0,0.0,5624.2,1.1650023999999999,119.28009999999966,-22.359362,0.22149705,0.49848603
4285.7,488.57,488.57,428.57,1.0,0.0,2142.9,8.8263695,,-1.9766550999999999,0.047536845,0.17804904
4285.7,488.57,488.57,428.57,1.0,0.0,5000.0,1.230947,118.6499999999997,-19.699538,0.22103961,0.49682866
4285.7,488.57,488.57,428.57,1.0,0.0,5624.2,1.1650025,119.28009999999966,-22.359360000000002,0.22149705,0.49848603
4285.7,162.86,271.43,428.57,1.0,0.0,2142.9,13.301862,,-1.3084343999999999,0.0070535693000000005,0.12830115
4285.7,488.57,488.57,428.57,1.0,0.0,2142.9,8.8263794,,-1.9766525000000001,0.047536857,0.17804893
4285.7,488.57,488.57,428.57,1.0,0.0,5000.0,1.230947,118.6499999999997,-19.699539,0.22103961,0.49682866
4285.7,488.57,488.57,428.57,1.0,0.0,5624.2,1.1650025,119.28009999999966,-22.359358,0.22149705,0.49848603
4285.7,488.57,488.57,428.57,1.0,0.0,2142.9,8.8263712,,-1.9766548,0.047536848,0.17804904
4285.7,488.57,488.57,428.57,1.0,0.0,5000.0,1.2309469,118.6499999999997,-19.69954,0.22103961,0.49682866
4285.7,488.57,488.57,428.57,1.0,0.0,5624.2,1.1650023999999999,119.28009999999966,-22.359361,0.22149706,0.49848603
4285.7,488.57,488.57,428.57,1.0,0.0,2142.9,8.8263654,,-1.9766560000000002,0.047536836,0.17804914
4285.7,488.57,488.57,428.57,1.0,0.0,5000.0,1.230947,118.6499999999997,-19.699539,0.22103962,0.49682866
4285.7,488.57,488.57,428.57,1.0,0.0,5624.2,1.1650023999999999,119.28009999999966,-22.359360000000002,0.22149705,0.49848603
4285.7,488.57,488.57,428.57,1.0,0.0,2142.9,8.8263712,,-1.9766548,0.047536847,0.17804905
4285.7,162.86,271.43,428.57,1.0,0.0,5000.0,1.2389682,119.49000000000032,-19.434155,0.21684715,0.49661411
4285.7,488.57,488.57,428.57,1.0,0.0,5000.0,1.2309469,118.6499999999997,-19.699542,0.22103962,0.49682866
4285.7,488.57,488.57,428.57,1.0,0.0,5624.2,1.1650025,119.28009999999966,-22.359359,0.22149705,0.49848603
4285.7,488.57,488.57,428.57,1.0,0.0,2142.9,8.826366199999999,,-1.9766558999999997,0.04753684,0.17804911
4285.7,488.57,488.57,428.57,1.0,0.0,5000.0,1.2309469,118.6499999999997,-19.699542,0.22103962,0.49682866
4285.7,488.57,488.57,428.57,1.0,0.0,5624.2,1.1650023999999999,119.28009999999966,-22.359362,0.22149706,0.49848603
4285.7,488.57,488.57,428.57,3.0,-10714.0,2142.9,14.278186999999999,,-1.2186608,0.023257563999999998,0.11961705
4285.7,488.57,488.57,428.57,3.0,-10714.0,5000.0,1.3451285,117.17989999999956,-16.643717000000002,0.21863829,0.49248580000000003
4285.7,488.57,488.57,428.57,3.0,-10714.0,5624.2,1.2705403,117.59990000000053,-18.477944,0.21970333,0.49547674
4285.7,488.57,488.57,428.57,5.0,-21429.0,2142.9,14.120288,,-1.2323339,0.023748116,0.12073377
4285.7,488.57,488.57,428.57,5.0,-21429.0,5000.0,1.3433662,117.17989999999956,-16.681653,0.21863593,0.49260809
4285.7,162.86,271.43,428.57,1.0,0.0,5624.2,1.1713997,119.69999999999992,-22.054594,0.21738110000000002,0.49843892
4285.7,488.57,488.57,428.57,5.0,-21429.0,5624.2,1.2687617,117.59990000000009,-18.528431,0.21966641,0.49557569
4285.7,651.43,162.86,428.57,1.0,0.0,2142.9,12.680734,,-1.3727855,0.0021470223000000003,0.13452922
4285.7,651.43,162.86,428.57,1.0,0.0,5000.0,1.2450683,119.69999999999992,-19.238848,0.21329933,0.49645742
4285.7,651.43,162.86,428.57,1.0,0.0,5624.2,1.1766641000000002,120.11979999999988,-21.81286,0.21386746,0.49837505
4285.7,651.43,162.86,428.57,1.0,0.0,2142.9,12.680734,,-1.3727855,0.0021470214,0.13452923
4285.7,651.43,162.86,428.57,1.0,0.0,5000.0,1.2450683,119.69999999999992,-19.238849,0.21329934,0.49645742
4285.7,651.43,162.86,428.57,1.0,0.0,5624.2,1.1766641000000002,120.11979999999988,-21.81286,0.21386745,0.49837505
4285.7,651.43,162.86,428.57,1.0,0.0,2142.9,12.680710000000001,,-1.3727881000000002,0.0021470204,0.13452941
4285.7,651.43,162.86,428.57,1.0,0.0,5000.0,1.2450683,119.69999999999992,-19.238847,0.21329934,0.49645742
4285.7,651.43,162.86,428.57,1.0,0.0,5624.2,1.1766641000000002,120.11979999999988,-21.812862,0.21386747,0.49837506
4285.7,162.86,271.43,428.57,1.0,0.0,2142.9,13.301875,,-1.3084331,0.007053570699999999,0.12830101
4285.7,651.43,162.86,428.57,1.0,0.0,2142.9,12.680729,,-1.3727861000000001,0.0021470209,0.13452927
4285.7,651.43,162.86,428.57,1.0,0.0,5000.0,1.2450683,119.69999999999992,-19.238848,0.21329935,0.49645742
4285.7,651.43,162.86,428.57,1.0,0.0,5624.2,1.1766641000000002,120.11979999999988,-21.81286,0.21386746,0.49837505
4285.7,651.43,162.86,428.57,1.0,0.0,2142.9,12.680727000000001,,-1.3727862,0.0021470220999999998,0.13452926
4285.7,651.43,162.86,428.57,1.0,0.0,5000.0,1.2450683,119.69999999999992,-19.238849,0.21329936,0.49645742
4285.7,651.43,162.86,428.57,1.0,0.0,5624.2,1.176664,120.11979999999988,-21.812865,0.21386747,0.49837506
4285.7,651.43,162.86,428.57,1.0,0.0,2142.9,12.680727000000001,,-1.3727862,0.002147022,0.13452928
4285.7,651.43,162.86,428.57,1.0,0.0,5000.0,1.2450683,119.69999999999992,-19.238847,0.21329934,0.49645742
4285.7,651.43,162.86,428.57,1.0,0.0,5624.2,1.1766641000000002,120.11979999999988,-21.81286,0.21386745,0.49837505
4285.7,651.43,162.86,428.57,1.0,0.0,2142.9,12.680729,,-1.3727861000000001,0.0021470220999999998,0.13452926
4285.7,162.86,271.43,428.57,1.0,0.0,5000.0,1.2389683,119.49000000000032,-19.434154,0.21684713,0.49661411
4285.7,651.43,162.86,428.57,1.0,0.0,5000.0,1.2450683999999999,119.69999999999992,-19.238846,0.21329934,0.49645742
4285.7,651.43,162.86,428.57,1.0,0.0,5624.2,1.1766641000000002,120.11979999999988,-21.812860999999998,0.21386746,0.49837506
4285.7,651.43,162.86,428.57,1.0,0.0,2142.9,12.680723,,-1.3727867,0.0021470206,0.13452935
4285.7,651.43,162.86,428.57,1.0,0.0,5000.0,1.2450683,119.69999999999992,-19.238848,0.21329935,0.49645742
4285.7,651.43,162.86,428.57,1.0,0.0,5624.2,1.1766641000000002,120.11979999999988,-21.812860999999998,0.21386745,0.49837506
4285.7,651.43,162.86,428.57,3.0,-10714.0,2142.9,16.651695999999998,,-1.0445004999999998,0.0064261234999999995,0.10529924
4285.7,651.43,162.86,428.57,3.0,-10714.0,5000.0,1.3648504,120.33010000000033,-16.233778,0.21051599999999998,0.49176769
4285.7,651.43,162.86,428.57,3.0,-10714.0,5624.2,1.2915553,120.7496999999993,-17.908186999999998,0.21163187,0.49491144
4285.7,651.43,162.86,428.57,5.0,-21429.0,2142.9,16.606519,,-1.047349,0.0066916491000000005,0.10550574
4285.7,651.43,162.86,428.57,5.0,-21429.0,5000.0,1.3639118000000001,120.33010000000033,-16.252702,0.2105109,0.49188157
4285.7,162.86,271.43,428.57,1.0,0.0,5624.2,1.1713997,119.69999999999992,-22.054594,0.21738111,0.49843892
4285.7,651.43,162.86,428.57,5.0,-21429.0,5624.2,1.2905121000000002,120.53989999999936,-17.935368,0.21160779,0.49500823
4285.7,651.43,271.43,428.57,1.0,0.0,2142.9,9.9069159,,-1.7594919999999998,0.035737394,0.16268404
4285.7,651.43,271.43,428.57,1.0,0.0,5000.0,1.2396906,119.49000000000032,-19.41074,0.21683301,0.49659244
4285.7,651.43,271.43,428.57,1.0,0.0,5624.2,1.171484,119.90979999999985,-22.05066,0.21736226,0.49843783
4285.7,651.43,271.43,428.57,1.0,0.0,2142.9,9.9069109,,-1.7594933999999998,0.03573739,0.16268411
4285.7,651.43,271.43,428.57,1.0,0.0,5000.0,1.2396907,119.49000000000032,-19.410739000000003,0.21683301,0.49659244
4285.7,651.43,271.43,428.57,1.0,0.0,5624.2,1.171484,119.90979999999985,-22.050658,0.21736226,0.49843783
4285.7,651.43,271.43,428.57,1.0,0.0,2142.9,9.9069212,,-1.7594911,0.035737395,0.16268398
4285.7,651.43,271.43,428.57,1.0,0.0,5000.0,1.2396907,119.49000000000032,-19.410738000000002,0.21683301,0.49659244
4285.7,651.43,271.43,428.57,1.0,0.0,5624.2,1.171484,119.90979999999985,-22.050662,0.21736227,0.49843783
4285.7,162.86,162.86,428.57,1.0,0.0,2142.9,1.9715964,77.0698000000003,-9.7100787,0.14497832,0.45160292
4285.7,162.86,271.43,428.57,1.0,0.0,2142.9,13.301875,,-1.3084331,0.0070535716,0.12830104
4285.7,651.43,271.43,428.57,1.0,0.0,2142.9,9.9069212,,-1.7594911,0.035737396,0.16268398
4285.7,651.43,271.43,428.57,1.0,0.0,5000.0,1.2396906,119.49000000000032,-19.410739000000003,0.21683301,0.49659244
4285.7,651.43,271.43,428.57,1.0,0.0,5624.2,1.171484,119.90979999999985,-22.05066,0.21736228,0.49843783
4285.7,651.43,271.43,428.57,1.0,0.0,2142.9,9.9069034,,-1.7594947,0.035737383,0.16268416
4285.7,651.43,271.43,428.57,1.0,0.0,5000.0,1.2396906,119.49000000000032,-19.41074,0.21683302,0.49659244
4285.7,651.43,271.43,428.57,1.0,0.0,5624.2,1.171484,119.90979999999985,-22.05066,0.21736227,0.49843783
4285.7,651.43,271.43,428.57,1.0,0.0,2142.9,9.9069118,,-1.7594933000000001,0.035737393,0.16268408
4285.7,651.43,271.43,428.57,1.0,0.0,5000.0,1.2396907,119.49000000000032,-19.410738000000002,0.21683301,0.49659244
4285.7,651.43,271.43,428.57,1.0,0.0,5624.2,1.171484,119.90979999999985,-22.05066,0.21736227,0.49843783
4285.7,651.43,271.43,428.57,1.0,0.0,2142.9,9.9069171,,-1.7594922999999998,0.035737391,0.16268404
4285.7,162.86,271.43,428.57,1.0,0.0,5000.0,1.2389683,119.49000000000032,-19.434153,0.21684713,0.49661411
4285.7,651.43,271.43,428.57,1.0,0.0,5000.0,1.2396906,119.49000000000032,-19.410739000000003,0.21683302,0.49659244
4285.7,651.43,271.43,428.57,1.0,0.0,5624.2,1.171484,119.90979999999985,-22.050660999999998,0.21736227,0.49843783
4285.7,651.43,271.43,428.57,1.0,0.0,2142.9,9.906907499999999,,-1.7594938999999998,0.035737389,0.16268414
4285.7,651.43,271.43,428.57,1.0,0.0,5000.0,1.2396907,119.49000000000032,-19.410739000000003,0.216833,0.49659244
4285.7,651.43,271.43,428.57,1.0,0.0,5624.2,1.171484,119.90979999999985,-22.050659,0.21736227,0.49843783
4285.7,651.43,271.43,428.57,3.0,-10714.0,2142.9,14.818260999999998,,-1.1741066,0.019602107,0.11593446
4285.7,651.43,271.43,428.57,3.0,-10714.0,5000.0,1.3810198,120.32980000000038,-15.916307999999999,0.21350049,0.49099726
4285.7,651.43,271.43,428.57,3.0,-10714.0,5624.2,1.3038582,120.75000000000014,-17.595697,0.21473065,0.49441571
4285.7,651.43,271.43,428.57,5.0,-21429.0,2142.9,14.670438,,-1.1859741000000001,0.020091592,0.11690716
4285.7,651.43,271.43,428.57,5.0,-21429.0,5000.0,1.3794336,120.54009999999992,-15.946755,0.21354423,0.49112639
4285.7,162.86,271.43,428.57,1.0,0.0,5624.2,1.1713997,119.69999999999992,-22.054594,0.21738111,0.49843892
4285.7,651.43,271.43,428.57,5.0,-21429.0,5624.2,1.3022855,120.7499000000003,-17.634837,0.21471706,0.49452170000000006
4285.7,651.43,380.0,428.57,1.0,0.0,2142.9,8.953797699999999,,-1.9482853,0.045549274,0.17625524
4285.7,651.43,380.0,428.57,1.0,0.0,5000.0,1.2345545,119.2799,-19.578942,0.21931922,0.49670349
4285.7,651.43,380.0,428.57,1.0,0.0,5624.2,1.1673773,119.69989999999964,-22.244759,0.21981677,0.49846695
4285.7,651.43,380.0,428.57,1.0,0.0,2142.9,8.9537985,,-1.9482851000000003,0.045549276,0.17625518
4285.7,651.43,380.0,428.57,1.0,0.0,5000.0,1.2345545,119.2799,-19.578943,0.21931921,0.49670349
4285.7,651.43,380.0,428.57,1.0,0.0,5624.2,1.1673773,119.69989999999964,-22.244759,0.21981676,0.49846695
4285.7,651.43,380.0,428.57,1.0,0.0,2142.9,8.953795199999998,,-1.9482858,0.04554927,0.17625523
4285.7,651.43,380.0,428.57,1.0,0.0,5000.0,1.2345545,119.2799,-19.578942,0.21931922,0.49670349
4285.7,651.43,380.0,428.57,1.0,0.0,5624.2,1.1673773,119.69989999999964,-22.244757999999997,0.21981676,0.49846695
4285.7,162.86,271.43,428.57,1.0,0.0,2142.9,13.301869,,-1.3084338,0.007053569599999999,0.12830111
4285.7,651.43,380.0,428.57,1.0,0.0,2142.9,8.9538061,,-1.9482836,0.04554927,0.17625511
4285.7,651.43,380.0,428.57,1.0,0.0,5000.0,1.2345545,119.2799,-19.578944,0.21931923,0.49670349999999996
4285.7,651.43,380.0,428.57,1.0,0.0,5624.2,1.1673773,119.69989999999964,-22.244759,0.21981677,0.49846695
4285.7,651.43,380.0,428.57,1.0,0.0,2142.9,8.953795199999998,,-1.9482858,0.045549275,0.17625521
4285.7,651.43,380.0,428.57,1.0,0.0,5000.0,1.2345545,119.2799,-19.578944,0.21931923,0.49670349999999996
4285.7,651.43,380.0,428.57,1.0,0.0,5624.2,1.1673773,119.69989999999964,-22.244759,0.21981678,0.49846695
4285.7,651.43,380.0,428.57,1.0,0.0,2142.9,8.953791800000001,,-1.9482865000000003,0.045549265,0.17625525
4285.7,651.43,380.0,428.57,1.0,0.0,5000.0,1.2345545,119.2799,-19.578945,0.21931923,0.49670349999999996
4285.7,651.43,380.0,428.57,1.0,0.0,5624.2,1.1673773,119.69989999999964,-22.24476,0.21981677,0.49846695
4285.7,651.43,380.0,428.57,1.0,0.0,2142.9,8.9538002,,-1.9482846999999999,0.045549268,0.17625519
4285.7,162.86,271.43,428.57,1.0,0.0,5000.0,1.2389683,119.49000000000032,-19.434154,0.21684713,0.49661411
4285.7,651.43,380.0,428.57,1.0,0.0,5000.0,1.2345545,119.2799,-19.578944,0.21931923,0.49670349999999996
4285.7,651.43,380.0,428.57,1.0,0.0,5624.2,1.1673774,119.69989999999964,-22.244756,0.21981676,0.49846695
4285.7,651.43,380.0,428.57,1.0,0.0,2142.9,8.9538002,,-1.9482846999999999,0.045549269,0.17625519
4285.7,651.43,380.0,428.57,1.0,0.0,5000.0,1.2345545,119.2799,-19.578943,0.21931923,0.49670349999999996
4285.7,651.43,380.0,428.57,1.0,0.0,5624.2,1.1673773,119.69989999999964,-22.244757999999997,0.21981676,0.49846695
4285.7,651.43,380.0,428.57,3.0,-10714.0,2142.9,14.230766000000001,,-1.2227351999999998,0.022251982000000003,0.12005510000000001
4285.7,651.43,380.0,428.57,3.0,-10714.0,5000.0,1.3822927,118.6497000000002,-15.891982999999998,0.21199262,0.49079617
4285.7,651.43,380.0,428.57,3.0,-10714.0,5624.2,1.3051522,119.06980000000055,-17.563661,0.21320711,0.49422633
4285.7,651.43,380.0,428.57,5.0,-21429.0,2142.9,14.084493,,-1.2354762,0.022706382,0.12109449
4285.7,651.43,380.0,428.57,5.0,-21429.0,5000.0,1.3805306,118.6497000000002,-15.925684,0.21201385,0.49092883
4285.7,162.86,271.43,428.57,1.0,0.0,5624.2,1.1713997999999999,119.69999999999992,-22.054592,0.21738109,0.49843892
4285.7,651.43,380.0,428.57,5.0,-21429.0,5624.2,1.3033918,118.86000000000064,-17.60728,0.21320075,0.49433625
4285.7,651.43,488.57,428.57,1.0,0.0,2142.9,8.6442335,,-2.0186756,0.049334017,0.180976
4285.7,651.43,488.57,428.57,1.0,0.0,5000.0,1.2310507,118.6499999999997,-19.696043,0.22092762,0.49682645
4285.7,651.43,488.57,428.57,1.0,0.0,5624.2,1.1650481000000001,119.28009999999966,-22.357141,0.22139211,0.49848664
4285.7,651.43,488.57,428.57,1.0,0.0,2142.9,8.6442294,,-2.0186766,0.049334012999999996,0.18097605
4285.7,651.43,488.57,428.57,1.0,0.0,5000.0,1.2310506,118.6499999999997,-19.696045,0.22092764,0.49682645
4285.7,651.43,488.57,428.57,1.0,0.0,5624.2,1.1650481000000001,119.28009999999966,-22.357142,0.22139211,0.49848664
4285.7,651.43,488.57,428.57,1.0,0.0,2142.9,8.6442311,,-2.0186761000000004,0.049334011,0.18097604
4285.7,651.43,488.57,428.57,1.0,0.0,5000.0,1.2310507,118.6499999999997,-19.696044,0.22092764,0.49682645
4285.7,651.43,488.57,428.57,1.0,0.0,5624.2,1.1650481000000001,119.28009999999966,-22.357141,0.22139212,0.49848664
4285.7,162.86,271.43,428.57,1.0,0.0,2142.9,13.301869,,-1.3084338,0.0070535705,0.1283011
4285.7,651.43,488.57,428.57,1.0,0.0,2142.9,8.644227800000001,,-2.018677,0.049334005,0.18097608
4285.7,651.43,488.57,428.57,1.0,0.0,5000.0,1.2310507,118.6499999999997,-19.696043,0.22092764,0.49682645
4285.7,651.43,488.57,428.57,1.0,0.0,5624.2,1.1650481000000001,119.28009999999966,-22.357143,0.22139211,0.49848664
4285.7,651.43,488.57,428.57,1.0,0.0,2142.9,8.6442279,,-2.0186768,0.049334004,0.18097608
4285.7,651.43,488.57,428.57,1.0,0.0,5000.0,1.2310508,118.6499999999997,-19.696041,0.22092763,0.49682645
4285.7,651.43,488.57,428.57,1.0,0.0,5624.2,1.1650481000000001,119.28009999999966,-22.357143,0.22139212,0.49848664
4285.7,651.43,488.57,428.57,1.0,0.0,2142.9,8.644226300000001,,-2.0186772,0.049334008,0.18097607
4285.7,651.43,488.57,428.57,1.0,0.0,5000.0,1.2310508,118.6499999999997,-19.696042000000002,0.22092763,0.49682645
4285.7,651.43,488.57,428.57,1.0,0.0,5624.2,1.1650481000000001,119.28009999999966,-22.357142,0.22139212,0.49848664
4285.7,651.43,488.57,428.57,1.0,0.0,2142.9,8.6442279,,-2.0186768,0.049334009000000005,0.18097611
4285.7,162.86,271.43,428.57,1.0,0.0,5000.0,1.2389683,119.49000000000032,-19.434154,0.21684712,0.49661411
4285.7,651.43,488.57,428.57,1.0,0.0,5000.0,1.2310507,118.6499999999997,-19.696043,0.22092763,0.49682645
4285.7,651.43,488.57,428.57,1.0,0.0,5624.2,1.1650479999999999,119.28009999999966,-22.357144,0.22139212,0.49848664
4285.7,651.43,488.57,428.57,1.0,0.0,2142.9,8.6442279,,-2.0186768,0.049334008,0.18097607
4285.7,651.43,488.57,428.57,1.0,0.0,5000.0,1.2310507,118.6499999999997,-19.696043,0.22092763,0.49682645
4285.7,651.43,488.57,428.57,1.0,0.0,5624.2,1.1650481000000001,119.28009999999966,-22.357139,0.22139211,0.49848664
4285.7,651.43,488.57,428.57,3.0,-10714.0,2142.9,14.111103,,-1.2331386999999998,0.023928301000000003,0.12082437
4285.7,651.43,488.57,428.57,3.0,-10714.0,5000.0,1.3453306,116.97010000000007,-16.63938,0.21852061,0.49247792
4285.7,651.43,488.57,428.57,3.0,-10714.0,5624.2,1.2706749,117.59990000000053,-18.474138,0.21958454,0.49547283
4285.7,651.43,488.57,428.57,5.0,-21429.0,2142.9,13.962592,,-1.2462996000000002,0.024387631,0.12189437
4285.7,651.43,488.57,428.57,5.0,-21429.0,5000.0,1.3435574,117.17989999999956,-16.677526,0.21852318,0.4926009
4285.7,162.86,271.43,428.57,1.0,0.0,5624.2,1.1713997,119.69999999999992,-22.054595000000003,0.21738111,0.49843892
4285.7,651.43,488.57,428.57,5.0,-21429.0,5624.2,1.2688983999999999,117.59990000000009,-18.524537,0.21954713,0.49557197
10000.0,162.86,162.86,1000.0,1.0,0.0,2142.9,21.640631,,-0.80331122,0.0021314132,0.083410515
10000.0,162.86,162.86,1000.0,1.0,0.0,2142.9,21.640655,,-0.80331026,0.0021314136999999998,0.083410401
10000.0,162.86,162.86,1000.0,1.0,0.0,2142.9,21.640647,,-0.80331064,0.0021314144,0.083410474
10000.0,162.86,162.86,1000.0,1.0,0.0,2142.9,21.640639999999998,,-0.80331085,0.0021314135999999997,0.083410497
10000.0,162.86,162.86,1000.0,1.0,0.0,2142.9,21.640631,,-0.80331109,0.0021314132,0.083410523
10000.0,162.86,162.86,1000.0,1.0,0.0,2142.9,21.640662,,-0.80331005,0.0021314139000000003,0.083410443
10000.0,162.86,162.86,1000.0,1.0,0.0,2142.9,21.640624,,-0.80331143,0.0021314135999999997,0.08341054
10000.0,162.86,162.86,1000.0,1.0,0.0,2142.9,21.640624,,-0.80331143,0.0021314143,0.083410518
10000.0,162.86,162.86,1000.0,3.0,-7857.1,2142.9,20.441103,,-0.8505246999999999,0.0010536097,0.088009525
4285.7,162.86,271.43,428.57,1.0,0.0,2142.9,13.301862,,-1.3084343999999999,0.0070535714,0.12830114
10000.0,162.86,271.43,1000.0,1.0,0.0,2142.9,21.786254,,-0.79793408,0.00050655248,0.083184912
10000.0,162.86,271.43,1000.0,1.0,0.0,2142.9,21.786259,,-0.79793393,0.00050655276,0.083184932
10000.0,162.86,271.43,1000.0,1.0,0.0,2142.9,21.786285,,-0.79793294,0.0005065523000000001,0.083184797
10000.0,162.86,271.43,1000.0,1.0,0.0,2142.9,21.786210999999998,,-0.79793566,0.00050655252,0.083185066
10000.0,162.86,271.43,1000.0,1.0,0.0,2142.9,21.786227,,-0.79793509,0.0005065523200000001,0.083185021
10000.0,162.86,271.43,1000.0,1.0,0.0,2142.9,21.786254,,-0.79793408,0.00050655248,0.08318494
10000.0,162.86,271.43,1000.0,1.0,0.0,2142.9,21.786238,,-0.79793466,0.00050655231,0.08318497700000001
10000.0,162.86,271.43,1000.0,1.0,0.0,2142.9,21.786259,,-0.79793393,0.00050655235,0.083184951
10000.0,162.86,271.43,1000.0,3.0,-7857.1,2142.9,4.9367987,,-3.568182,0.032995535,0.28033872
10000.0,162.86,380.0,1000.0,1.0,0.0,2142.9,20.918498,,-0.83108418,0.00077472286,0.08659021800000001
4285.7,162.86,162.86,428.57,1.0,0.0,5000.0,1.2522901000000002,119.69990000000008,-19.014482,0.21289876,0.4962183
4285.7,162.86,271.43,428.57,1.0,0.0,5000.0,1.2389683,119.49000000000032,-19.434154,0.21684713,0.49661411
10000.0,162.86,380.0,1000.0,1.0,0.0,2142.9,20.918476000000002,,-0.83108514,0.0007747222699999999,0.086590277
10000.0,162.86,380.0,1000.0,1.0,0.0,2142.9,20.918491,,-0.83108456,0.00077472247,0.086590204
10000.0,162.86,380.0,1000.0,1.0,0.0,2142.9,20.918505,,-0.831084,0.0007747223700000001,0.08659014699999999
10000.0,162.86,380.0,1000.0,1.0,0.0,2142.9,20.918460999999997,,-0.83108572,0.00077472246,0.086590291
10000.0,162.86,380.0,1000.0,1.0,0.0,2142.9,20.918460999999997,,-0.83108572,0.0007747221899999999,0.086590289
10000.0,162.86,380.0,1000.0,1.0,0.0,2142.9,20.918491,,-0.83108456,0.00077472258,0.086590215
10000.0,162.86,380.0,1000.0,1.0,0.0,2142.9,20.918491,,-0.83108456,0.0007747222999999999,0.086590217
10000.0,162.86,380.0,1000.0,3.0,-7857.1,2142.9,6.1784027,,-2.8366398,0.043373789,0.23519832
10000.0,162.86,488.57,1000.0,1.0,0.0,2142.9,19.772676999999998,,-0.87932522,0.0019261829000000001,0.091326147
10000.0,162.86,488.57,1000.0,1.0,0.0,2142.9,19.772676999999998,,-0.87932522,0.0019261834,0.091326141
4285.7,162.86,271.43,428.57,1.0,0.0,5624.2,1.1713997,119.69999999999992,-22.054592,0.21738110000000002,0.49843892
10000.0,162.86,488.57,1000.0,1.0,0.0,2142.9,19.772726000000002,,-0.87932297,0.0019261835,0.091325978
10000.0,162.86,488.57,1000.0,1.0,0.0,2142.9,19.772676999999998,,-0.87932522,0.001926183,0.091326147
10000.0,162.86,488.57,1000.0,1.0,0.0,2142.9,19.772692000000003,,-0.8793245999999999,0.0019261834,0.091326135
10000.0,162.86,488.57,1000.0,1.0,0.0,2142.9,19.77269,,-0.87932465,0.001926183,0.09132608699999999
10000.0,162.86,488.57,1000.0,1.0,0.0,2142.9,19.772728,,-0.87932293,0.0019261839000000002,0.091325949
10000.0,162.86,488.57,1000.0,1.0,0.0,2142.9,19.772651,,-0.87932637,0.0019261832,0.09132627900000001
10000.0,162.86,488.57,1000.0,3.0,-7857.1,2142.9,10.615308,,-1.6413506000000002,0.024981384,0.15441227
10000.0,325.71,162.86,1000.0,1.0,0.0,2142.9,21.577631,,-0.80566004,0.0028133604999999997,0.083566235
10000.0,325.71,162.86,1000.0,1.0,0.0,2142.9,21.577631,,-0.80566004,0.0028133603,0.08356623
10000.0,325.71,162.86,1000.0,1.0,0.0,2142.9,21.577631,,-0.80566004,0.0028133605999999998,0.083566217
4285.7,162.86,271.43,428.57,1.0,0.0,2142.9,13.301865,,-1.3084341,0.0070535723,0.12830111
10000.0,325.71,162.86,1000.0,1.0,0.0,2142.9,21.577625,,-0.80566023,0.0028133603999999997,0.083566235
10000.0,325.71,162.86,1000.0,1.0,0.0,2142.9,21.577631,,-0.80566004,0.0028133612,0.083566222
10000.0,325.71,162.86,1000.0,1.0,0.0,2142.9,21.577648,,-0.80565942,0.0028133616999999997,0.083566185
10000.0,325.71,162.86,1000.0,1.0,0.0,2142.9,21.577648,,-0.80565942,0.0028133615999999997,0.083566167
10000.0,325.71,162.86,1000.0,1.0,0.0,2142.9,21.577648,,-0.80565942,0.0028133603999999997,0.083566195
10000.0,325.71,162.86,1000.0,3.0,-7857.1,2142.9,22.465687,,-0.77376958,0.0021273686,0.080559696
10000.0,325.71,271.43,1000.0,1.0,0.0,2142.9,22.258012,,-0.78099859,0.0011998975,0.08140707700000001
10000.0,325.71,271.43,1000.0,1.0,0.0,2142.9,22.257985,,-0.78099957,0.0011998967,0.081407151
10000.0,325.71,271.43,1000.0,1.0,0.0,2142.9,22.257978,,-0.78099978,0.001199897,0.08140724
10000.0,325.71,271.43,1000.0,1.0,0.0,2142.9,22.257985,,-0.78099957,0.0011998971000000002,0.08140717
4285.7,162.86,271.43,428.57,1.0,0.0,5000.0,1.2389683,119.49000000000032,-19.434151999999997,0.21684713,0.49661411
10000.0,325.71,271.43,1000.0,1.0,0.0,2142.9,22.257995,,-0.78099917,0.0011998967,0.08140709
10000.0,325.71,271.43,1000.0,1.0,0.0,2142.9,22.257972,,-0.7810005,0.0011998967,0.081407212
10000.0,325.71,271.43,1000.0,1.0,0.0,2142.9,22.257994,,-0.7809991999999999,0.0011998971000000002,0.081407147
10000.0,325.71,271.43,1000.0,1.0,0.0,2142.9,22.257969,,-0.78100015,0.0011998971000000002,0.08140722
10000.0,325.71,271.43,1000.0,3.0,-7857.1,2142.9,20.096863,,-0.86511712,0.0010127446,0.089437827
10000.0,325.71,380.0,1000.0,1.0,0.0,2142.9,22.284785,,-0.78005919,0.00064196361,0.081471527
10000.0,325.71,380.0,1000.0,1.0,0.0,2142.9,22.284782,,-0.78005942,0.00064196385,0.08147152099999999
10000.0,325.71,380.0,1000.0,1.0,0.0,2142.9,22.284807999999998,,-0.78005848,0.00064196349,0.081471478
10000.0,325.71,380.0,1000.0,1.0,0.0,2142.9,22.284748,,-0.78006058,0.00064196381,0.081471602
10000.0,325.71,380.0,1000.0,1.0,0.0,2142.9,22.284782,,-0.78005942,0.00064196415,0.081471522
4285.7,162.86,271.43,428.57,1.0,0.0,5624.2,1.1713997,119.69999999999992,-22.054593,0.21738110000000002,0.49843892
10000.0,325.71,380.0,1000.0,1.0,0.0,2142.9,22.284748,,-0.78006058,0.00064196382,0.081471605
10000.0,325.71,380.0,1000.0,1.0,0.0,2142.9,22.284765,,-0.7800600000000001,0.00064196391,0.081471557
10000.0,325.71,380.0,1000.0,1.0,0.0,2142.9,22.284775,,-0.7800596,0.00064196407,0.0814716
10000.0,325.71,380.0,1000.0,3.0,-7857.1,2142.9,15.236734,,-1.1417662,0.0040503193,0.11507387
10000.0,325.71,488.57,1000.0,1.0,0.0,2142.9,22.25239,,-0.78119641,0.0004954071299999999,0.08166344099999999
10000.0,325.71,488.57,1000.0,1.0,0.0,2142.9,22.25239,,-0.78119641,0.0004954068599999999,0.081663473
10000.0,325.71,488.57,1000.0,1.0,0.0,2142.9,22.252361999999998,,-0.7811974,0.00049540712,0.08166348400000001
10000.0,325.71,488.57,1000.0,1.0,0.0,2142.9,22.252423,,-0.78119525,0.00049540658,0.08166335599999999
10000.0,325.71,488.57,1000.0,1.0,0.0,2142.9,22.252406,,-0.78119583,0.00049540705,0.081663406
10000.0,325.71,488.57,1000.0,1.0,0.0,2142.9,22.25239,,-0.78119641,0.00049540648,0.081663453
4285.7,162.86,271.43,428.57,3.0,-10714.0,2142.9,16.091388000000002,,-1.0809631000000002,0.0092698593,0.10836342
10000.0,325.71,488.57,1000.0,1.0,0.0,2142.9,22.252418,,-0.78119538,0.0004954068599999999,0.08166334900000001
10000.0,325.71,488.57,1000.0,1.0,0.0,2142.9,22.252406,,-0.78119583,0.00049540708,0.081663397
10000.0,325.71,488.57,1000.0,3.0,-7857.1,2142.9,8.9058968,,-1.9588529,0.016984416000000002,0.1816138
10000.0,488.57,162.86,1000.0,1.0,0.0,2142.9,21.565613,,-0.80610962,0.0029699911,0.083594522
10000.0,488.57,162.86,1000.0,1.0,0.0,2142.9,21.565661,,-0.80610787,0.0029699929999999998,0.083594328
10000.0,488.57,162.86,1000.0,1.0,0.0,2142.9,21.565613,,-0.80610972,0.0029699924,0.083594519
10000.0,488.57,162.86,1000.0,1.0,0.0,2142.9,21.565635999999998,,-0.80610881,0.0029699924,0.083594446
10000.0,488.57,162.86,1000.0,1.0,0.0,2142.9,21.565661,,-0.80610787,0.0029699928,0.083594364
10000.0,488.57,162.86,1000.0,1.0,0.0,2142.9,21.565596,,-0.80611031,0.0029699925,0.083594555
10000.0,488.57,162.86,1000.0,1.0,0.0,2142.9,21.565651000000003,,-0.80610826,0.0029699926,0.083594408
4285.7,162.86,271.43,428.57,3.0,-10714.0,5000.0,1.3769038,120.1200999999994,-15.995622000000001,0.21356931,0.49118842
10000.0,488.57,162.86,1000.0,1.0,0.0,2142.9,21.565619,,-0.80610943,0.0029699927,0.083594519
10000.0,488.57,162.86,1000.0,3.0,-7857.1,2142.9,22.666494,,-0.76690567,0.0024606494000000002,0.079870903
10000.0,488.57,271.43,1000.0,1.0,0.0,2142.9,22.310453,,-0.77916037,0.0014172578,0.081200995
10000.0,488.57,271.43,1000.0,1.0,0.0,2142.9,22.310461,,-0.77916014,0.0014172581,0.08120095299999999
10000.0,488.57,271.43,1000.0,1.0,0.0,2142.9,22.310495,,-0.779159,0.0014172583,0.08120085
10000.0,488.57,271.43,1000.0,1.0,0.0,2142.9,22.310478,,-0.77915956,0.0014172584,0.08120091
10000.0,488.57,271.43,1000.0,1.0,0.0,2142.9,22.310478,,-0.77915956,0.0014172579999999998,0.081200882
10000.0,488.57,271.43,1000.0,1.0,0.0,2142.9,22.310470000000002,,-0.77915978,0.0014172585,0.081200964
10000.0,488.57,271.43,1000.0,1.0,0.0,2142.9,22.310461,,-0.77916014,0.0014172578,0.081200957
10000.0,488.57,271.43,1000.0,1.0,0.0,2142.9,22.310478,,-0.77915956,0.0014172583,0.081200879
4285.7,162.86,271.43,428.57,3.0,-10714.0,5624.2,1.3021098,120.7499000000003,-17.639224,0.21475582,0.49448275
10000.0,488.57,271.43,1000.0,3.0,-7857.1,2142.9,21.613942,,-0.80430428,0.0011193150999999999,0.083588605
10000.0,488.57,380.0,1000.0,1.0,0.0,2142.9,22.405473999999998,,-0.77585184,0.0009105712699999999,0.08100885
10000.0,488.57,380.0,1000.0,1.0,0.0,2142.9,22.405497,,-0.77585108,0.00091057141,0.0810088
10000.0,488.57,380.0,1000.0,1.0,0.0,2142.9,22.405504,,-0.77585091,0.0009105715800000001,0.081008763
10000.0,488.57,380.0,1000.0,1.0,0.0,2142.9,22.405479999999997,,-0.77585167,0.0009105717199999999,0.08100882400000001
10000.0,488.57,380.0,1000.0,1.0,0.0,2142.9,22.405514,,-0.77585053,0.00091057155,0.081008743
10000.0,488.57,380.0,1000.0,1.0,0.0,2142.9,22.405504,,-0.77585091,0.00091057147,0.081008733
10000.0,488.57,380.0,1000.0,1.0,0.0,2142.9,22.405504,,-0.77585091,0.00091057201,0.081008724
10000.0,488.57,380.0,1000.0,1.0,0.0,2142.9,22.405454000000002,,-0.77585263,0.0009105712599999999,0.081008886
10000.0,488.57,380.0,1000.0,3.0,-7857.1,2142.9,19.775551999999998,,-0.87919697,0.0012423536999999999,0.090916472
4285.7,162.86,271.43,428.57,5.0,-21429.0,2142.9,16.177746,,-1.0751781,0.0097227791,0.10779634
10000.0,488.57,488.57,1000.0,1.0,0.0,2142.9,22.471848,,-0.77355732,0.00072436758,0.080853832
10000.0,488.57,488.57,1000.0,1.0,0.0,2142.9,22.471888,,-0.77355601,0.00072436774,0.080853689
10000.0,488.57,488.57,1000.0,1.0,0.0,2142.9,22.471888,,-0.77355601,0.00072436728,0.080853707
10000.0,488.57,488.57,1000.0,1.0,0.0,2142.9,22.471905,,-0.77355542,0.00072436788,0.080853675
10000.0,488.57,488.57,1000.0,1.0,0.0,2142.9,22.471866000000002,,-0.77355686,0.00072436757,0.080853805
10000.0,488.57,488.57,1000.0,1.0,0.0,2142.9,22.471883,,-0.77355572,0.00072436777,0.080853785
10000.0,488.57,488.57,1000.0,1.0,0.0,2142.9,22.471888,,-0.77355601,0.0007243674799999999,0.08085370900000001
10000.0,488.57,488.57,1000.0,1.0,0.0,2142.9,22.471888,,-0.77355601,0.00072436744,0.08085369999999999
10000.0,488.57,488.57,1000.0,3.0,-7857.1,2142.9,16.784441,,-1.0362201,0.0030427312,0.10558639
10000.0,651.43,162.86,1000.0,1.0,0.0,2142.9,21.629494,,-0.80372521,0.0029089492999999998,0.083374335
4285.7,162.86,271.43,428.57,5.0,-21429.0,5000.0,1.3757537,120.32990000000021,-16.017964000000003,0.21359903,0.49129678
10000.0,651.43,162.86,1000.0,1.0,0.0,2142.9,21.62955,,-0.80372323,0.0029089507000000002,0.083374178
10000.0,651.43,162.86,1000.0,1.0,0.0,2142.9,21.629532,,-0.80372368,0.0029089485,0.08337423
10000.0,651.43,162.86,1000.0,1.0,0.0,2142.9,21.629580999999998,,-0.80372199,0.0029089501,0.083374091
10000.0,651.43,162.86,1000.0,1.0,0.0,2142.9,21.629533,,-0.80372375,0.0029089508000000003,0.083374255
10000.0,651.43,162.86,1000.0,1.0,0.0,2142.9,21.629526000000002,,-0.80372404,0.00290895,0.083374228
10000.0,651.43,162.86,1000.0,1.0,0.0,2142.9,21.629510999999997,,-0.80372459,0.0029089486,0.08337429
10000.0,651.43,162.86,1000.0,1.0,0.0,2142.9,21.62955,,-0.80372313,0.00290895,0.083374191
10000.0,651.43,162.86,1000.0,3.0,-7857.1,2142.9,22.761754999999997,,-0.76369187,0.0025756204,0.079553347
10000.0,651.43,271.43,1000.0,1.0,0.0,2142.9,22.315134,,-0.7789971,0.0015438165,0.08116879099999999
10000.0,651.43,271.43,1000.0,1.0,0.0,2142.9,22.315091,,-0.77899853,0.0015438165,0.08116896
4285.7,162.86,162.86,428.57,1.0,0.0,5624.2,1.1799326,120.12029999999996,-21.666663,0.21367877,0.49830113
4285.7,162.86,271.43,428.57,5.0,-21429.0,5624.2,1.300757,120.53989999999982,-17.673101000000003,0.21474237,0.49458027
10000.0,651.43,271.43,1000.0,1.0,0.0,2142.9,22.315126,,-0.77899733,0.0015438166000000001,0.081168798
10000.0,651.43,271.43,1000.0,1.0,0.0,2142.9,22.315092,,-0.7789984999999999,0.0015438162,0.08116892099999999
10000.0,651.43,271.43,1000.0,1.0,0.0,2142.9,22.315102,,-0.77899812,0.0015438166000000001,0.081168876
10000.0,651.43,271.43,1000.0,1.0,0.0,2142.9,22.315126,,-0.77899733,0.0015438169,0.081168794
10000.0,651.43,271.43,1000.0,1.0,0.0,2142.9,22.315109,,-0.77899792,0.0015438164,0.08116889
10000.0,651.43,271.43,1000.0,1.0,0.0,2142.9,22.315143,,-0.77899678,0.0015438173000000002,0.081168774
10000.0,651.43,271.43,1000.0,3.0,-7857.1,2142.9,22.048191,,-0.78844127,0.0012802468,0.08204007099999999
10000.0,651.43,380.0,1000.0,1.0,0.0,2142.9,22.429123999999998,,-0.77503277,0.0010622108000000001,0.08090395
10000.0,651.43,380.0,1000.0,1.0,0.0,2142.9,22.429123,,-0.77503279,0.0010622108000000001,0.08090402
10000.0,651.43,380.0,1000.0,1.0,0.0,2142.9,22.429123999999998,,-0.77503277,0.0010622106,0.080903975
4285.7,162.86,380.0,428.57,1.0,0.0,2142.9,11.838681,,-1.4708795000000001,0.021143544,0.14080967
10000.0,651.43,380.0,1000.0,1.0,0.0,2142.9,22.429123999999998,,-0.77503277,0.0010622113,0.080903974
10000.0,651.43,380.0,1000.0,1.0,0.0,2142.9,22.429129999999997,,-0.77503259,0.0010622109,0.080903963
10000.0,651.43,380.0,1000.0,1.0,0.0,2142.9,22.429116,,-0.77503299,0.0010622115,0.08090405
10000.0,651.43,380.0,1000.0,1.0,0.0,2142.9,22.429184,,-0.77503067,0.0010622116,0.08090381599999999
10000.0,651.43,380.0,1000.0,1.0,0.0,2142.9,22.429123,,-0.77503279,0.0010622107,0.080904005
10000.0,651.43,380.0,1000.0,3.0,-7857.1,2142.9,21.018414,,-0.82712744,0.0010082057,0.085936905
10000.0,651.43,488.57,1000.0,1.0,0.0,2142.9,22.518148999999998,,-0.77196475,0.00088802228,0.080666794
10000.0,651.43,488.57,1000.0,1.0,0.0,2142.9,22.51816,,-0.77196433,0.00088802228,0.080666733
10000.0,651.43,488.57,1000.0,1.0,0.0,2142.9,22.518166,,-0.77196416,0.0008880224800000001,0.080666694
10000.0,651.43,488.57,1000.0,1.0,0.0,2142.9,22.518148999999998,,-0.77196475,0.00088802168,0.08066678599999999
4285.7,162.86,380.0,428.57,1.0,0.0,5000.0,1.2349959,119.2799,-19.564329,0.21799334,0.49669977
10000.0,651.43,488.57,1000.0,1.0,0.0,2142.9,22.51816,,-0.77196433,0.0008880219,0.080666695
10000.0,651.43,488.57,1000.0,1.0,0.0,2142.9,22.51816,,-0.77196433,0.00088802212,0.080666712
10000.0,651.43,488.57,1000.0,1.0,0.0,2142.9,22.518187,,-0.77196338,0.0008880218800000001,0.08066667400000001
10000.0,651.43,488.57,1000.0,1.0,0.0,2142.9,22.518132,,-0.7719653000000001,0.0008880219900000001,0.080666834
10000.0,651.43,488.57,1000.0,3.0,-7857.1,2142.9,19.246573,,-0.90340443,0.0015639908,0.093250019
4285.7,162.86,380.0,428.57,1.0,0.0,5624.2,1.16794,119.4898999999996,-22.217862,0.21845336,0.49846747
4285.7,162.86,380.0,428.57,1.0,0.0,2142.9,11.838681,,-1.4708795000000001,0.02114354,0.14080969
4285.7,162.86,380.0,428.57,1.0,0.0,5000.0,1.2349959,119.2799,-19.564329,0.21799334,0.49669977
4285.7,162.86,380.0,428.57,1.0,0.0,5624.2,1.16794,119.4898999999996,-22.217862,0.21845335,0.49846747
4285.7,162.86,380.0,428.57,1.0,0.0,2142.9,11.838677,,-1.4708799,0.021143544,0.14080971
4285.7,162.86,380.0,428.57,1.0,0.0,5000.0,1.2349959,119.2799,-19.564329,0.21799334,0.49669977
4285.7,162.86,380.0,428.57,1.0,0.0,5624.2,1.1679401000000003,119.4898999999996,-22.217858,0.21845335,0.49846746
4285.7,162.86,162.86,428.57,1.0,0.0,2142.9,1.9715966,77.0698000000003,-9.710077400000001,0.14497834,0.45160292
4285.7,162.86,380.0,428.57,1.0,0.0,2142.9,11.83868,,-1.4708796,0.021143542999999997,0.14080973
4285.7,162.86,380.0,428.57,1.0,0.0,5000.0,1.234996,119.2799,-19.564327,0.21799334,0.49669977
4285.7,162.86,380.0,428.57,1.0,0.0,5624.2,1.16794,119.4898999999996,-22.217863,0.21845335,0.49846747
4285.7,162.86,380.0,428.57,1.0,0.0,2142.9,11.838681,,-1.4708795000000001,0.021143546000000003,0.14080968
4285.7,162.86,380.0,428.57,1.0,0.0,5000.0,1.234996,119.2799,-19.564327,0.21799334,0.49669977
4285.7,162.86,380.0,428.57,1.0,0.0,5624.2,1.16794,119.4898999999996,-22.21786,0.21845335,0.49846747
4285.7,162.86,380.0,428.57,1.0,0.0,2142.9,11.838667,,-1.4708812,0.02114354,0.14080984
4285.7,162.86,380.0,428.57,1.0,0.0,5000.0,1.2349959,119.2799,-19.564329999999998,0.21799335,0.49669977
4285.7,162.86,380.0,428.57,1.0,0.0,5624.2,1.16794,119.4898999999996,-22.217861,0.21845335,0.49846747
4285.7,162.86,380.0,428.57,1.0,0.0,2142.9,11.838664,,-1.4708814,0.02114354,0.14080986
4285.7,162.86,162.86,428.57,1.0,0.0,5000.0,1.2522902,119.69990000000008,-19.014481,0.21289876,0.49621829
4285.7,162.86,380.0,428.57,1.0,0.0,5000.0,1.234996,119.2799,-19.564327,0.21799334,0.49669977
4285.7,162.86,380.0,428.57,1.0,0.0,5624.2,1.16794,119.4898999999996,-22.217862,0.21845337,0.49846747
4285.7,162.86,380.0,428.57,1.0,0.0,2142.9,11.838664,,-1.4708814,0.021143539,0.14080985
4285.7,162.86,380.0,428.57,1.0,0.0,5000.0,1.234996,119.2799,-19.564327,0.21799334,0.49669977
4285.7,162.86,380.0,428.57,1.0,0.0,5624.2,1.1679401000000003,119.4898999999996,-22.217859,0.21845335,0.49846747
4285.7,162.86,380.0,428.57,3.0,-10714.0,2142.9,14.287773999999999,,-1.2178406000000002,0.012900493999999998,0.12009676
4285.7,162.86,380.0,428.57,3.0,-10714.0,5000.0,1.3806848999999999,118.6497000000002,-15.922725,0.21140152,0.49087494
4285.7,162.86,380.0,428.57,3.0,-10714.0,5624.2,1.3047921,119.06980000000055,-17.572561999999998,0.21255392,0.49424353
4285.7,162.86,380.0,428.57,5.0,-21429.0,2142.9,14.865673999999999,,-1.1703508999999999,0.013578713999999999,0.11593374
4285.7,162.86,380.0,428.57,5.0,-21429.0,5000.0,1.3791072,118.43990000000026,-15.953039000000002,0.2114203,0.49099882
4285.7,162.86,162.86,428.57,1.0,0.0,5624.2,1.1799325,120.12029999999996,-21.666667999999998,0.21367879,0.49830114
4285.7,162.86,380.0,428.57,5.0,-21429.0,5624.2,1.3031295,118.86000000000064,-17.613804000000002,0.21254613,0.49434976
4285.7,162.86,488.57,428.57,1.0,0.0,2142.9,11.187632,,-1.5569215,0.026697979,0.14729218
4285.7,162.86,488.57,428.57,1.0,0.0,5000.0,1.2323475,118.65019999999937,-19.652475,0.21826274,0.49681045
4285.7,162.86,488.57,428.57,1.0,0.0,5624.2,1.1661125,119.0699999999998,-22.305573000000003,0.21863372,0.49849373
4285.7,162.86,488.57,428.57,1.0,0.0,2142.9,11.187642,,-1.5569202,0.026697982000000002,0.14729211
4285.7,162.86,488.57,428.57,1.0,0.0,5000.0,1.2323475,118.65019999999937,-19.652476,0.21826275,0.49681045
4285.7,162.86,488.57,428.57,1.0,0.0,5624.2,1.1661125,119.0699999999998,-22.305575,0.21863373,0.49849373
4285.7,162.86,488.57,428.57,1.0,0.0,2142.9,11.187646,,-1.5569196,0.026697986,0.14729203
4285.7,162.86,488.57,428.57,1.0,0.0,5000.0,1.2323475,118.65019999999937,-19.652475,0.21826274,0.49681045
4285.7,162.86,488.57,428.57,1.0,0.0,5624.2,1.1661125,119.0699999999998,-22.305573000000003,0.21863373,0.49849373
